syn,ith,p,alpha,obj(GVNS),time(GVNS),obj(DLHr-GVNS),time(DLHr-GVNS),obj(cplex),time(cplex)
100,1,2,0.3,54633507.23,0.162,54633507.23,0.334,54633507.23,2720.806
100,1,2,0.5,55787403.49,4.408,55787403.49,3.178,55787403.49,3557.592
100,1,2,0.7,56930026.34,4.474,56930026.34,2.032,56930026.34,4676.454
100,1,3,0.3,43808641.25,2.797,43808641.25,7.869,43808641.25,13795.452
100,1,3,0.5,45754243.25,14.575,45754243.25,12.91,45768335.04,14405.038
100,1,3,0.7,47406198.29,8.548,47425732.97,13.344,47412264.66,14405.727
100,1,4,0.3,34105116.45,1.789,34105116.45,7.522,34105116.45,5902.222
100,1,4,0.5,36207936.81,8.901,36207936.81,18.927,36207936.81,6844.083
100,1,4,0.7,38406590.05,15.041,38618189.29,7.077,38317622.78,14407.425
100,1,5,0.3,29693179.75,12.078,29693179.75,21.63,29858284.52,14560.718
100,1,5,0.5,31780613.8,33.597,31698815.81,42.364,31698815.81,14407.597
100,1,5,0.7,33723701.81,46.574,33951355.55,21.325,33628993.78,14405.572
100,1,6,0.3,25367191.61,9.717,25367191.61,27.509,25367191.61,7723.499
100,1,6,0.5,27652240.85,35.388,27338512.03,79.992,27321820.17,5227.073
100,1,6,0.7,29302877.36,54.277,29281079.23,65.235,29256015.39,14410.06
100,1,7,0.3,23162913.64,11.523,23139739.62,48.967,23139739.62,14260.036
100,1,7,0.5,25134468.85,64.37,25134468.85,62.892,25121619.02,14407.361
100,1,7,0.7,27106761.66,94.24,27158979.88,60.236,27076942.61,14407.956
100,1,8,0.3,20968003.94,14.696,20968003.94,37.235,20968003.94,14644.428
100,1,8,0.5,23059776.22,78.837,23059776.22,39.456,23059776.22,14409.644
100,1,8,0.7,25318707.42,63.694,25080387.51,49.367,25047341.25,14406.347
100,1,9,0.3,18966827.02,24.274,18904868.53,46.713,18893527.96,3766.657
100,1,9,0.5,21078902.39,67.553,21065945.54,66.812,21009229.24,12750.311
100,1,9,0.7,23190779.05,127.189,23077027.7,91.9,23074892.22,14409.017
100,1,10,0.3,17370447.02,19.253,17405795.22,72.891,17315267.47,4904.012
100,1,10,0.5,19642490.25,72.006,19525132.68,57.004,19396696.33,8263.688
100,1,10,0.7,21589191.17,121.347,21587043.61,81.294,21473093.59,14405.91
100,2,2,0.3,250677311.8,0.118,250677311.8,0.081,250677311.8,295.446
100,2,2,0.5,276683469.3,0.127,276683469.3,0.079,276683469.3,1192.6
100,2,2,0.7,302667822.1,0.126,302667822.1,0.092,302667822.1,1170.676
100,2,3,0.3,212699994.8,0.26,212699994.8,0.147,212699994.8,408.166
100,2,3,0.5,241641689.7,0.217,241641689.7,0.17,241641689.7,1523.923
100,2,3,0.7,270547148.4,0.671,270547148.4,0.261,270547148.4,1907.204
100,2,4,0.3,199456594.6,12.655,198688649.6,21.072,198688649.6,3401.015
100,2,4,0.5,231073171.3,31.65,230692980.5,34.162,230692980.5,9342.612
100,2,4,0.7,261827523.5,20.237,261635189.6,14.168,263473710.6,14404.628
100,2,5,0.3,186252297.1,26.486,186023425.4,19.765,186023425.4,6934.072
100,2,5,0.5,222085224.1,32.781,220706914.8,30.788,220706914.8,13916.926
100,2,5,0.7,254096406.2,50.181,254091163.1,70.403,254385326.4,14402.255
100,2,6,0.3,174622056.9,66.829,173930380.5,58.695,173930380.5,6599.944
100,2,6,0.5,213253399.2,63.99,211658531.4,63.669,212498113.8,14402.419
100,2,6,0.7,246103763.5,86.61,245938795.3,47.108,248899190.2,14403.205
100,2,7,0.3,164804937,81.148,164586215.5,61.127,164740273.2,14654.632
100,2,7,0.5,205189088.9,79.279,203609423.2,70.22,205209340.1,14404.642
100,2,7,0.7,240129948.1,71.107,239624951.8,76.204,241674637.2,14408.169
100,2,8,0.3,157831925.3,109.048,157309613.6,84.719,156476927,14173.143
100,2,8,0.5,197265579.5,118.85,196324641.1,97.102,196566033.8,14404.646
100,2,8,0.7,234999547.8,128.155,234471099.1,86.444,235050876.9,14405.491
100,2,9,0.3,151314590.6,89.299,150955214.7,100.125,150361298.6,14622.505
100,2,9,0.5,191250282.8,147.3,190974370.3,99.752,191232982,14405.207
100,2,9,0.7,231120014.5,142.38,229956669.7,94.881,229967141.3,14408.986
100,2,10,0.3,144680184,105.582,144505567.2,102.028,144058662.6,14665.466
100,2,10,0.5,186844595.8,165.611,186255470.8,188.189,185688776.9,14404.98
100,2,10,0.7,226571081.7,157.858,226530925.7,181.493,226241184.8,14404.899
100,3,2,0.3,31674355.07,0.19,31674355.07,0.161,31674355.07,2562.141
100,3,2,0.5,32130245.32,0.414,32130245.32,0.512,32130245.32,3307.775
100,3,2,0.7,32558017.02,0.443,32558017.02,0.659,32558017.02,14408.879
100,3,3,0.3,24976254.79,3.363,24976254.79,5.102,24976254.79,6540.328
100,3,3,0.5,25642045.08,9.659,25740291.69,13.406,25642045.08,5210.875
100,3,3,0.7,26375681.34,12.004,26342596.4,11.031,26303944.36,7532.004
100,3,4,0.3,20588691.09,9.862,20495948.96,19.055,20403206.83,4786.784
100,3,4,0.5,21140478.81,26.387,21140478.81,26.015,21140478.81,6324.006
100,3,4,0.7,21873167.04,21.968,21873167.04,24.381,21873167.04,9660.899
100,3,5,0.3,16274739.96,6.451,16274739.96,6.807,16274739.96,2068.635
100,3,5,0.5,17157247.5,13.512,17157247.5,16.891,17157247.5,1446.958
100,3,5,0.7,18109341.05,23.661,18035407.53,33.739,18035407.53,3707.185
100,3,6,0.3,14120310.43,22.497,14120310.43,20.558,14120310.43,2563.666
100,3,6,0.5,15038823.02,26.856,15038823.02,11.898,15038823.02,4289.768
100,3,6,0.7,15976284.79,15.516,15952884.13,23.857,15952884.13,12139.795
100,3,7,0.3,12239932.08,16.715,12239932.08,16.785,12239932.08,2378.357
100,3,7,0.5,13115136.42,24.502,13115136.42,31.368,13115136.42,2997.538
100,3,7,0.7,13989219.23,37.938,13989219.23,27.182,13989219.23,13573.344
100,3,8,0.3,10990655.53,47.724,10960215.1,37.898,10960215.1,4188.808
100,3,8,0.5,11852337.86,61.253,11852337.86,46.286,11852337.86,4263.59
100,3,8,0.7,12766969.87,60.514,12738650.1,43.15,12738650.1,14407.283
100,3,9,0.3,10049678.31,38.277,9832864.201,40.387,9832864.201,3343.349
100,3,9,0.5,11039839.9,54.179,10734451.8,51.257,10734451.8,5374.024
100,3,9,0.7,11839487.77,73.914,11630184.23,46.189,11630184.23,14406.041
100,3,10,0.3,9252021.534,84.411,9227434.39,68.337,9227434.39,7624.775
100,3,10,0.5,10186357.15,76.236,10138900.95,64.403,10128385.27,14409.325
100,3,10,0.7,11052319.64,85.905,11064253.19,97.923,11045390.58,14407.752
100,4,2,0.3,25403811.9,0.091,25403811.9,0.099,25403811.9,675.709
100,4,2,0.5,26025171.12,0.133,26025171.12,0.174,26025171.12,2579.452
100,4,2,0.7,26644229.51,1.992,26644229.51,2.718,117606985.5,14405.793
100,4,3,0.3,20512760.31,1.969,20512760.31,1.561,20512760.31,7481.889
100,4,3,0.5,21308906.24,16.116,21306611.09,12.025,21306611.09,7004.498
100,4,3,0.7,22061722.56,11.263,22059145.62,15.322,22053210.84,12230.027
100,4,4,0.3,17026939.39,15.086,17026939.39,7.962,17026939.39,13567.716
100,4,4,0.5,17900209.23,22.906,17901147.33,24.579,17900209.23,14409.399
100,4,4,0.7,18739291.21,39.738,18750739.93,26.674,18794203.93,14405.001
100,4,5,0.3,14151363.38,8.541,14151363.38,15.262,14151363.38,5590.197
100,4,5,0.5,15104028.92,26.861,15104028.92,24.708,15104028.92,8889.716
100,4,5,0.7,16066798.78,37.015,16054794.82,51.353,16165614.97,14407.412
100,4,6,0.3,12474227.72,43.228,12475762.67,35.947,12474227.72,5609.602
100,4,6,0.5,13510194.48,57.999,13494206.74,52.641,13483148.75,14404.406
100,4,6,0.7,14523896.77,60.262,14494888.27,46.623,14481931.67,14406.219
100,4,7,0.3,11278632.37,40.241,11268493.49,55.211,11315048.55,14587.354
100,4,7,0.5,12223316.29,76.555,12214653.65,66.995,12214653.65,14405.024
100,4,7,0.7,13203088.06,72.718,13193270.74,84.332,13256702.62,14407.815
100,4,8,0.3,10352977.71,50.615,10352027.02,38.268,10355349.54,14589.541
100,4,8,0.5,11278326.06,83.867,11263429.19,89.791,11263429.19,14403.642
100,4,8,0.7,12190937.54,109.243,12251791.29,42.966,12265976.4,14405.358
100,4,9,0.3,9508001.562,90.251,9501028.313,47.171,9498580.413,14637.795
100,4,9,0.5,10514246.67,90.033,10514095.76,78.18,10534172.27,14410.025
100,4,9,0.7,11516440.14,108.217,11485976.21,173.742,11552744.17,14408.675
100,4,10,0.3,8938682.888,104.74,8913380.786,61.492,8910840.088,14711.964
100,4,10,0.5,9970453.205,78.889,9911964.01,65.893,9906893.454,14404.003
100,4,10,0.7,10943016.14,108.295,10912159.72,89.266,10882531.42,14405.94
100,5,2,0.3,155567329.3,6.793,155674985.7,3.226,155567329.3,1018.386
100,5,2,0.5,158056232.6,1.855,158056232.6,2.595,158056232.6,2197.346
100,5,2,0.7,159840648.2,1.614,159840648.2,2.516,159840648.2,14409.131
100,5,3,0.3,119148011.9,1.547,119148011.9,2.445,119148011.9,2490.816
100,5,3,0.5,123909040.6,9.948,123909040.6,7.746,123909040.6,4171.723
100,5,3,0.7,128594526.9,4.911,128594526.9,8.486,128594526.9,9453.07
100,5,4,0.3,96536995.95,12.309,96536995.95,18.208,96537298.98,5368.943
100,5,4,0.5,101124334.5,19.9,101372535.1,16.79,101124334.5,6429.822
100,5,4,0.7,106081999.7,20.699,105707205.5,28.057,105752832.6,14404.263
100,5,5,0.3,78852074.45,11.146,78852074.45,12.633,78852074.45,6208.569
100,5,5,0.5,84051790.94,14.995,84051790.94,19.199,84051790.94,5498.71
100,5,5,0.7,89187186.37,18.489,89187186.37,39.709,89187186.37,14407.249
100,5,6,0.3,69482574.29,37.9,69482574.29,28.132,69482574.29,5454.313
100,5,6,0.5,75352751.84,32.595,75071336.16,37.312,75071336.16,14407.511
100,5,6,0.7,80537469.64,45.166,80537469.64,51.363,81768360.15,14405.796
100,5,7,0.3,61577997.84,16.94,61577997.84,43.48,61577997.84,12052.264
100,5,7,0.5,67491271.96,49.819,67491271.96,47.14,67588598.98,14408.607
100,5,7,0.7,73449902.7,58.856,73221623.44,71.153,74273367.5,14405.285
100,5,8,0.3,54126885.55,46.707,54126885.55,70.891,54126885.55,5338.994
100,5,8,0.5,59987357.6,92.62,59987357.6,52.642,59987357.6,11973.181
100,5,8,0.7,65713162.55,68.232,65713162.55,59.382,65806655.69,14404.679
100,5,9,0.3,47813115.14,77.112,47786152.05,89.533,47786152.05,2442.803
100,5,9,0.5,53605023.38,91.444,53605023.38,79.2,53605023.38,2854.13
100,5,9,0.7,59371838.02,121.73,59322717.97,96.803,59322717.97,11532.718
100,5,10,0.3,43976187.46,52.147,43998848.23,54.383,43976187.46,6451.007
100,5,10,0.5,50051748.64,53.789,50069420.12,85.338,49994347.84,10491.264
100,5,10,0.7,56033970.79,50.421,56005139.96,95.506,55686151.63,14408.681
100,6,2,0.3,729555935.2,1.486,729626047.6,1.827,729555935.2,2430.331
100,6,2,0.5,752504928.9,0.247,752504928.9,0.802,752504928.9,2408.896
100,6,2,0.7,774063717.9,2.154,774063717.9,1.985,774072118.3,14533.712
100,6,3,0.3,459909469.5,6.345,459909469.5,4.187,459909469.5,1051.008
100,6,3,0.5,492252382.1,3.137,492252382.1,4.258,492252382.1,1237.797
100,6,3,0.7,523865028.6,3.318,523865028.6,7.573,523832936.2,7429.793
100,6,4,0.3,375690413.3,0.356,375690413.3,0.33,375690413.3,1134.262
100,6,4,0.5,410520417.3,0.49,410520417.3,0.596,410520417.3,1578.365
100,6,4,0.7,445238913.5,4.613,445238913.5,5.351,445238913.5,9606.923
100,6,5,0.3,329156919.4,3.207,329156919.4,3.8,329156919.4,1649.501
100,6,5,0.5,368337385.3,7.436,368337385.3,5.166,368337385.3,4386.7
100,6,5,0.7,407500708.6,16.478,407500708.6,10.634,410423271.1,14506.853
100,6,6,0.3,288520899.6,33.446,286367343,21.807,286367343,1103.338
100,6,6,0.5,339413731.9,41.214,337523098.9,22.332,337523098.9,6525.72
100,6,6,0.7,379153300.7,22.42,379155400.8,24.361,384583871.3,14572.387
100,6,7,0.3,257748036.1,41.699,254391136.8,19.486,254391136.8,938.856
100,6,7,0.5,310547939.6,52.438,309803308.4,27.04,309803308.4,7709.433
100,6,7,0.7,356348380,45.341,355363628.1,38.916,355952904.8,14571.129
100,6,8,0.3,228431544.7,91.796,228431544.7,33.29,228431544.7,1080.617
100,6,8,0.5,282655374.7,49.922,282655374.7,45.05,282655374.7,2985.949
100,6,8,0.7,332448464.7,66.136,332450619.5,85.482,333119475.6,14635.86
100,6,9,0.3,207692605,79.599,205722471.2,48.128,205722471.2,820.618
100,6,9,0.5,263568136.8,38.151,259689853.2,60.844,259689853.2,1396.424
100,6,9,0.7,317821462.8,56.904,313729891.5,86.569,313517710.2,9296.718
100,6,10,0.3,199815919.5,114.869,193157638.4,67.508,192862841.1,1056.218
100,6,10,0.5,251766607,48.058,247948750.4,77.087,247826128.3,4141.71
100,6,10,0.7,306922496.1,42.587,303365357.1,88.578,301744092.5,8096.19
100,7,2,0.3,70344176.39,1.74,70344176.39,2.501,70344176.39,13702.747
100,7,2,0.5,71647724.18,1.797,71647724.18,3.304,71647724.18,3568.719
100,7,2,0.7,72934390.75,0.974,72934390.75,3.588,72934390.75,5545.779
100,7,3,0.3,54022501.15,11.056,54071610.28,7.481,54022501.15,2756.473
100,7,3,0.5,55744198.6,8.445,55742301.28,6.709,55740403.96,5420.896
100,7,3,0.7,57226143.37,5.625,57226143.37,5.798,57273657.47,14551.115
100,7,4,0.3,38906269.9,7.123,38906269.9,5.169,38906269.9,1565.941
100,7,4,0.5,40969016.18,28.691,40950134.35,29.539,40765610.31,2500.332
100,7,4,0.7,42781380.64,22.842,42711640.54,22.443,42619627.72,14658.639
100,7,5,0.3,32674559.4,31.757,32674559.4,22.071,32658921.05,2604.39
100,7,5,0.5,34360238.61,23.419,34360238.61,32.211,34360238.61,6910.144
100,7,5,0.7,35973123.2,51.679,36019831.84,36.921,35978426.51,14672.016
100,7,6,0.3,26786746.48,30.336,26786746.48,23.282,26786746.48,1080.831
100,7,6,0.5,28454258.24,52.673,28442585.6,42.133,28435431.74,3038.237
100,7,6,0.7,30230369.79,32.369,30100659.15,54.075,30050010.99,14580.57
100,7,7,0.3,23210162.73,45.263,23210162.73,45.531,23210162.73,895.547
100,7,7,0.5,24896566.78,52.442,24926395.51,61.527,24896566.78,4010.852
100,7,7,0.7,26800556.41,38.333,26574281.49,68.373,26547383.9,14597.329
100,7,8,0.3,20528470.01,31.319,20528470.01,24.22,20528470.01,1287.519
100,7,8,0.5,22257909.53,43.668,22257909.53,52.44,22257909.53,4198.536
100,7,8,0.7,23949295.96,58.267,23949295.96,51.111,23960912.38,14640.682
100,7,9,0.3,18218333.89,57.719,18218333.89,51.778,18218333.89,1126.068
100,7,9,0.5,19958385.36,27.806,19950492.85,49.817,19950492.85,2746.659
100,7,9,0.7,21654430.57,24.309,21654430.57,45.57,21616308.51,14487.508
100,7,10,0.3,16223135.2,49.254,16223135.2,69.152,16223135.2,565.204
100,7,10,0.5,18160570.25,33.064,18186114.51,72.734,17969002.68,626.152
100,7,10,0.7,19705692.78,40.839,19705692.78,99.581,19705692.78,2957.445
100,8,2,0.3,223993756.3,0.793,223993756.3,0.647,223993756.3,774.671
100,8,2,0.5,235021824.6,3.251,235021824.6,1.906,235030248.4,1816.542
100,8,2,0.7,245505552,0.186,245505552,0.472,245505552,2615.528
100,8,3,0.3,167618364.3,1.675,167618364.3,1.173,167619143.6,884.208
100,8,3,0.5,183526819.5,4.651,183526819.5,4.012,183526819.5,1154.344
100,8,3,0.7,199311115.3,10.91,199311115.3,3.399,199311115.3,3111.128
100,8,4,0.3,151511365.1,14.038,151511365.1,9.953,151511365.1,3626.62
100,8,4,0.5,169340484.3,22.304,169246338.7,27.181,169163426.1,7811.724
100,8,4,0.7,186127394.4,30.675,186139406.1,19.064,186037778.9,14590.491
100,8,5,0.3,135970792.8,20.523,135970792.8,17.777,135970792.8,4383.863
100,8,5,0.5,155622623.2,22.311,155297734.1,37.52,155019135.9,10317.321
100,8,5,0.7,173120456.8,57.859,173543203.3,27.48,173590368.8,14591.246
100,8,6,0.3,122746161.2,30.31,122746161.2,60.972,122584473.6,5958.729
100,8,6,0.5,143704993.2,38.982,143757898.1,78.844,143220144.3,10575.787
100,8,6,0.7,162299213.9,74.052,162552770.9,45.882,162333426.1,14605.168
100,8,7,0.3,110023110.7,74.906,110023110.7,48.779,110023110.7,5101.529
100,8,7,0.5,132485056.9,52.197,132248493.4,95.474,132227860.1,10442.72
100,8,7,0.7,153683455.3,74.889,152577877.3,69.481,156494615.9,14568.63
100,8,8,0.3,101254241.5,50.57,100298106,70.383,100298106,2184.269
100,8,8,0.5,122785737.9,76.283,122714947.6,60.385,122438096.6,3756.931
100,8,8,0.7,144109247.6,62.723,143433684.4,79.859,143185689,14649.73
100,8,9,0.3,93778867.64,145.907,93769196.15,72.696,93769196.15,1414.09
100,8,9,0.5,116440781.9,82.777,116440781.9,71.432,116440781.9,4526.874
100,8,9,0.7,138501439,37.055,137818703.7,90.214,137664252.9,14694.304
100,8,10,0.3,88289429.87,92.331,87906514.54,84.54,87906514.54,960.103
100,8,10,0.5,111268639,66.409,111176185.2,71.343,111176185.2,4335.846
100,8,10,0.7,133555351.5,49.844,133093427.9,90.431,132968487.8,14505.914
100,9,2,0.3,38677805.46,2.373,38677805.46,0.932,38677805.46,1229.698
100,9,2,0.5,39716100.43,4.525,39716100.43,3.888,39716100.43,2039.809
100,9,2,0.7,40615667.74,6.667,40615667.74,6.833,40615667.74,2124.31
100,9,3,0.3,31575648.99,2.537,31575648.99,1.408,31575648.99,886.067
100,9,3,0.5,32846673.16,4.196,32846673.16,4.692,32846673.16,1350.302
100,9,3,0.7,34117405.07,4.472,34117405.07,7.447,34117405.07,9855.207
100,9,4,0.3,27251481.05,3.673,27251481.05,2.534,27251481.05,2767.484
100,9,4,0.5,28648538.68,14.732,28687328.66,2.748,28648538.68,5936.904
100,9,4,0.7,30031332.65,26.214,30029322.01,12.999,30074407.79,14590.495
100,9,5,0.3,24423256.37,8.574,24423256.37,5.265,24423256.37,2999.673
100,9,5,0.5,26004264.29,27.655,26004264.29,20.632,26004264.29,10972.895
100,9,5,0.7,27621616.38,42.937,27583245.18,24.824,27739264.02,14583.87
100,9,6,0.3,22269353.46,19.146,22269353.46,24.269,22269353.46,4984.403
100,9,6,0.5,23985779.89,21.055,23985779.89,37.277,23985779.89,13880.076
100,9,6,0.7,25714010.59,53.08,25708108.45,54.052,27000585.16,14589.999
100,9,7,0.3,20525808.62,78.3,20525808.62,74.464,20524525.23,4073.549
100,9,7,0.5,22368256.86,57.424,22286793.38,82.472,22280828.8,6473.065
100,9,7,0.7,24155588.01,67.209,24055678.31,57.662,26466758.97,14605.021
100,9,8,0.3,19329517.94,71.929,19251330.97,61.454,19204731.61,5595.151
100,9,8,0.5,21089721.68,68.018,21078392.7,73.224,21052380.03,14403.37
100,9,8,0.7,23018634.79,52.204,22888877.11,59.491,24164235.24,14651.477
100,9,9,0.3,18031797.82,76.168,17993174.1,101.107,17987940.02,5749.591
100,9,9,0.5,19984377.03,50.038,19888251.45,73.443,19879732.47,14401.471
100,9,9,0.7,21882702.78,40.415,21761221.67,69.664,22559201.32,14639.747
100,9,10,0.3,16846528.81,105.917,16847044.81,123.009,16846270.81,4055.398
100,9,10,0.5,18841258.67,62.258,18814166.26,47.007,18810293.61,14402.751
100,9,10,0.7,20774554.33,40.182,20700139.46,97.786,20668877.69,14448.896
100,10,2,0.3,50497995.99,0.855,50497995.99,1.383,50497995.99,3246.298
100,10,2,0.5,51345174.73,0.751,51345174.73,2.226,51345174.73,5015.989
100,10,2,0.7,52129313.75,0.934,52129313.75,0.285,52132033.04,14570.775
100,10,3,0.3,26611817.05,0.26,26611817.05,1.52,26611817.05,1771.408
100,10,3,0.5,27804833.25,0.433,27804833.25,1.616,27804833.25,2795.046
100,10,3,0.7,28946001.42,2.523,28946001.42,3.185,28946001.42,6809.467
100,10,4,0.3,21694989.39,7.968,21694989.39,15.123,21694989.39,1737.613
100,10,4,0.5,22892853.98,4.074,22892853.98,6.29,22892853.98,2507.415
100,10,4,0.7,24038147.61,9.792,24038147.61,14.061,24038147.61,11375.079
100,10,5,0.3,18385010,7.965,18385010,15.968,18385010,1127.681
100,10,5,0.5,19626940.36,7.558,19626940.36,14.652,19626940.36,1625.665
100,10,5,0.7,20865263.85,28.93,20865263.85,28.65,20865263.85,11340.013
100,10,6,0.3,16900241.96,40.46,16900241.96,46.935,16900241.96,1718.723
100,10,6,0.5,18128852.02,16.418,18115190.23,29.445,18115190.23,6334.719
100,10,6,0.7,19379183.87,55.991,19421889.45,34.043,19357762.7,14590.664
100,10,7,0.3,15795630.77,91.515,15795630.77,36.573,15795630.77,3797.766
100,10,7,0.5,17062418.79,50.695,17053955.64,26.169,17053955.64,11905.68
100,10,7,0.7,18325966.92,35.503,18311841.22,36.972,18392959.15,14595.617
100,10,8,0.3,14862529.06,60.752,14862529.06,51.167,14862529.06,6929.968
100,10,8,0.5,16107404.01,42.294,16129065.88,46.662,16107404.01,14406.047
100,10,8,0.7,17362089.08,40.225,17362089.08,35.223,17351471.74,14625.98
100,10,9,0.3,14056460.33,88.906,13998397.84,66.525,13976051.43,6101.871
100,10,9,0.5,15305442.59,51.317,15291043.1,42.833,15269246.71,14404.125
100,10,9,0.7,16798529.74,28.375,16562693.82,85.875,16566663.51,14582.692
100,10,10,0.3,13275009.23,59.3,13254039.65,83.459,13200589.2,8838.314
100,10,10,0.5,14677275.22,68.997,14607641.11,75.985,14563626.55,14402.916
100,10,10,0.7,15973605.03,39.574,15892838.85,90.911,15904274.81,14449.676
200,1,2,0.3,312184774.2,4.609,312184774.2,4.231,¡ª¡ª,
200,1,2,0.5,317579713.2,10.121,317579713.2,12.657,,
200,1,2,0.7,321962953.6,10.424,321659236.3,25.013,,
200,1,3,0.3,222955920.4,2.774,222955920.4,0.84,,
200,1,3,0.5,230841673,2.283,230841673,12.265,,
200,1,3,0.7,238667495,17.783,238667495,22.647,,
200,1,4,0.3,181721687,10.305,181721687,13.835,,
200,1,4,0.5,191624680.4,39.509,191618892.4,31.709,,
200,1,4,0.7,200752581.8,23.859,200752581.8,23.628,,
200,1,5,0.3,165324263.3,106.58,165283181.9,106.818,,
200,1,5,0.5,175252487.1,96.713,175255985,107.179,,
200,1,5,0.7,184296097.9,258.092,184293475.5,162.787,,
200,1,6,0.3,149152506.8,198.395,149183649.9,207.504,,
200,1,6,0.5,160050152.1,96.376,160070402.5,152.712,,
200,1,6,0.7,170214444.1,173.741,169825168.3,220.016,,
200,1,7,0.3,134871240,182.09,134353557.1,193.467,,
200,1,7,0.5,146095930.1,151.331,145696567,168.39,,
200,1,7,0.7,156431989.8,413.039,156219061,239.402,,
200,1,8,0.3,123838763.2,320.779,123706621.9,344.985,,
200,1,8,0.5,136146784.7,266.834,135957590.4,171.383,,
200,1,8,0.7,147005180.2,202.143,146205408.4,155.922,,
200,1,9,0.3,113519175.9,344.316,114626392.7,278.386,,
200,1,9,0.5,126532172.4,321.879,124970236.5,402.892,,
200,1,9,0.7,138480557.1,471.345,138107895,319.435,,
200,1,10,0.3,106568107.7,337.953,104884303.5,242.137,,
200,1,10,0.5,117170029.9,441.658,118623509.9,338.042,,
200,1,10,0.7,130279594.1,239.779,130244510.2,334.695,,
200,2,2,0.3,1204536321,0.702,1204536321,0.564,,
200,2,2,0.5,1254234720,10.824,1254234720,6.219,,
200,2,2,0.7,1301018088,3.838,1301018088,1.222,,
200,2,3,0.3,885853143.2,3.08,885853143.2,1.339,,
200,2,3,0.5,957467105.8,36.541,957467105.8,9.888,,
200,2,3,0.7,1027512643,15.076,1027512643,11.724,,
200,2,4,0.3,774705372,6.296,774705372,14.84,,
200,2,4,0.5,848202422.6,46.564,848143297,53.926,,
200,2,4,0.7,919039398.4,27.416,919039398.4,50.537,,
200,2,5,0.3,695422853.1,4.227,695422853.1,2.51,,
200,2,5,0.5,770758883.7,2.656,770758883.7,5.19,,
200,2,5,0.7,844835643.7,22.63,844835643.7,35.427,,
200,2,6,0.3,630699013.1,69.042,630699013.1,46.389,,
200,2,6,0.5,713544064.5,127.224,712764726.2,71.432,,
200,2,6,0.7,796473859.7,228.93,793478304.3,143.377,,
200,2,7,0.3,583741725.9,112.841,582731837.4,183.35,,
200,2,7,0.5,673317016.7,191.641,672648684.6,175.168,,
200,2,7,0.7,759705441.1,253.962,757618980.7,275.5,,
200,2,8,0.3,552787145.4,255.443,541741032,337.226,,
200,2,8,0.5,639117793.6,257.019,638343772.7,296.847,,
200,2,8,0.7,736233814.4,328.79,732912673.4,202.401,,
200,2,9,0.3,516956175,397.918,511857695.7,311.037,,
200,2,9,0.5,627219023.4,165.279,611676814.7,365.518,,
200,2,9,0.7,710480154.1,300.303,708393755.2,354.298,,
200,2,10,0.3,487217106.4,296.764,487241160.9,382.045,,
200,2,10,0.5,593956327.6,295.414,589244241.9,266.633,,
200,2,10,0.7,694641701.6,390.794,687561057.6,322.638,,
200,3,2,0.3,158258841.3,14.093,158246087,14.999,,
200,3,2,0.5,160521268.4,17.862,160204413.2,11.585,,
200,3,2,0.7,162448391.9,23.702,162186115.2,12.303,,
200,3,3,0.3,123783972.3,33.342,123783972.3,62.683,,
200,3,3,0.5,126912294.2,28.292,126912294.2,22.293,,
200,3,3,0.7,130033711.8,19.489,130018304.3,19.108,,
200,3,4,0.3,98441197.61,111.198,98438582.3,68.468,,
200,3,4,0.5,101748974.7,74.798,101743194.1,73.85,,
200,3,4,0.7,105167116.4,126.372,104942206,65.032,,
200,3,5,0.3,85242471.56,116.615,84962563.55,133.304,,
200,3,5,0.5,88558846.5,102.377,88464698.46,81.104,,
200,3,5,0.7,92285356.37,73.382,91838802.66,153.131,,
200,3,6,0.3,73008356.59,213.933,72966549.08,206.901,,
200,3,6,0.5,77003244.3,125.602,76806144,174.034,,
200,3,6,0.7,81020637.14,157.229,80951482.89,129.285,,
200,3,7,0.3,61407072.32,132.27,61284224.28,152.26,,
200,3,7,0.5,66317151.59,117.55,65722022.57,184.69,,
200,3,7,0.7,70435994.05,202.838,69962235.42,263.055,,
200,3,8,0.3,55788253.27,261.994,55788253.27,271.145,,
200,3,8,0.5,60415245.09,194.895,60201142.37,275.98,,
200,3,8,0.7,64821235.11,218.732,64369694.66,270.26,,
200,3,9,0.3,52253578,186.806,52171457.98,268.807,,
200,3,9,0.5,56519381.53,327.77,56463078.37,439.712,,
200,3,9,0.7,61524793.36,247.619,60708785.91,246.569,,
200,3,10,0.3,48986313.88,331.067,48959352.57,329.261,,
200,3,10,0.5,53324108.95,407.401,53311516.11,372.725,,
200,3,10,0.7,58415999.98,285.023,57859753.74,260.523,,
200,4,2,0.3,199455727.6,6.376,199455727.6,7.552,,
200,4,2,0.5,200611262.5,3.123,200611262.5,7.124,,
200,4,2,0.7,201722814.1,6.337,201722814.1,5.881,,
200,4,3,0.3,158262668.9,15.289,157953957.4,24.4,,
200,4,3,0.5,160259183.3,36.007,160256015.9,50.979,,
200,4,3,0.7,162585339.6,31.433,162569139.3,71.718,,
200,4,4,0.3,121830228.7,18.728,121830228.7,16.019,,
200,4,4,0.5,124888683.9,41.588,124888683.9,25.68,,
200,4,4,0.7,128146456.2,78.586,127756398.1,87.77,,
200,4,5,0.3,101662271.5,130.421,100420004.3,70.294,,
200,4,5,0.5,103913549.4,152.08,103571625,115.756,,
200,4,5,0.7,108275536.5,129.469,109320229.1,151.869,,
200,4,6,0.3,82472081.75,92.39,82421352.05,121.507,,
200,4,6,0.5,87165178.65,133.716,86465955.85,58.746,,
200,4,6,0.7,92300084.71,137.707,91627718.58,159.257,,
200,4,7,0.3,71789086.04,218.732,71398400.05,240.94,,
200,4,7,0.5,76991420.11,295.646,76248168.92,112.149,,
200,4,7,0.7,80725643.04,230.292,80578232.22,229.592,,
200,4,8,0.3,64565994.76,207.46,64068816.41,207.154,,
200,4,8,0.5,69049671.64,246.314,68793590.46,236.538,,
200,4,8,0.7,73435304.94,154.249,73289366.88,295.018,,
200,4,9,0.3,57755555.88,291.268,57660879.01,333.038,,
200,4,9,0.5,62733573.47,436.488,61992320.48,187.569,,
200,4,9,0.7,68049894.01,288.102,66765665.31,224.759,,
200,4,10,0.3,52977114.75,339.633,52786407.21,351.872,,
200,4,10,0.5,57952454.83,337.965,57874029.93,365.793,,
200,4,10,0.7,62444200.69,453.954,62023901.03,435.11,,
200,5,2,0.3,367821553.3,2.951,367821553.3,0.895,,
200,5,2,0.5,373990447.1,2.459,373990447.1,1.447,,
200,5,2,0.7,380159340.9,2.573,380159340.9,3.269,,
200,5,3,0.3,302301522.2,42.211,302301522.2,25.899,,
200,5,3,0.5,311118896.3,49.524,311122005.4,55.503,,
200,5,3,0.7,319906230.5,33.142,319953259.2,38.96,,
200,5,4,0.3,258461467.6,69.598,258461467.6,84.559,,
200,5,4,0.5,271831491,56.539,271728772.8,70.087,,
200,5,4,0.7,284260727.8,104.492,284327537.6,75.848,,
200,5,5,0.3,221060955.5,23.48,221060955.5,89.744,,
200,5,5,0.5,235393665.8,53.427,235275033,100.429,,
200,5,5,0.7,249507887.5,96.883,249353836.4,60.671,,
200,5,6,0.3,199927613.7,108.027,199865659,226.537,,
200,5,6,0.5,214831595.6,181.641,214604458.5,172.205,,
200,5,6,0.7,229667798.4,202.987,228724960.9,90.631,,
200,5,7,0.3,181106975.7,166.283,180886768.4,174.898,,
200,5,7,0.5,196468846.2,324.401,195665402.4,184.564,,
200,5,7,0.7,212562217.1,141.676,210140532,265.368,,
200,5,8,0.3,165660586.8,337.162,165640793.5,174.851,,
200,5,8,0.5,180961268.1,321.294,180705153.3,366.879,,
200,5,8,0.7,196060771.4,280.412,195622366.5,336.486,,
200,5,9,0.3,150953434.1,262.68,150951982.3,308.684,,
200,5,9,0.5,166834202.5,287.937,166217408,320.044,,
200,5,9,0.7,181949236.3,246.94,182110702.2,263.15,,
200,5,10,0.3,138771387.2,241.747,137923598.5,167.307,,
200,5,10,0.5,156878392.3,300.845,153359730.6,147.086,,
200,5,10,0.7,171635334,573.84,168978559.6,412.158,,
200,6,2,0.3,2422256209,0.595,2422256209,0.246,,
200,6,2,0.5,2484694449,0.485,2484694449,0.449,,
200,6,2,0.7,2547063491,0.491,2547063491,0.502,,
200,6,3,0.3,1444213612,8.032,1444213612,4.485,,
200,6,3,0.5,1531660793,10.519,1531660793,12.706,,
200,6,3,0.7,1617451984,11.831,1617451984,20.77,,
200,6,4,0.3,1236745260,13.586,1236745260,20.412,,
200,6,4,0.5,1324097491,98.513,1324132612,35.702,,
200,6,4,0.7,1411308380,81.5,1411277452,36.015,,
200,6,5,0.3,1082630796,48.843,1083080423,24.824,,
200,6,5,0.5,1181558125,150.859,1178537475,49.022,,
200,6,5,0.7,1274899144,82.424,1274553377,124.272,,
200,6,6,0.3,936619655.4,70.928,936606899.3,149.441,,
200,6,6,0.5,1040666350,181.606,1040672405,127.157,,
200,6,6,0.7,1143763206,185.441,1144098077,209.349,,
200,6,7,0.3,845118432.3,219.684,844536455.6,199.691,,
200,6,7,0.5,956920214.9,188.293,956826441,168.6,,
200,6,7,0.7,1067275785,276.747,1067208167,234.512,,
200,6,8,0.3,784555414.2,230.848,781649447.8,147.107,,
200,6,8,0.5,896544368.2,190.805,896289714.2,211.625,,
200,6,8,0.7,1008694422,199.008,1008430178,157.509,,
200,6,9,0.3,734773078.1,163.122,729744464.6,127.46,,
200,6,9,0.5,845356492.8,159.332,844516758.3,173.047,,
200,6,9,0.7,959053807.8,169.826,959234095.4,264.823,,
200,6,10,0.3,691809998.6,291.925,678343054.6,135.266,,
200,6,10,0.5,802599021.6,183.747,795621231.7,288.871,,
200,6,10,0.7,917878776.5,125.268,910339489.1,316.913,,
200,7,2,0.3,384329534.8,20.347,384214589.7,8.804,,
200,7,2,0.5,390345061.9,9.99,390345061.9,4.738,,
200,7,2,0.7,396517033.5,20.921,396401536.3,4.56,,
200,7,3,0.3,265524172.7,13.764,265524172.7,25.55,,
200,7,3,0.5,272579252.9,56.623,272606474.8,25.617,,
200,7,3,0.7,279609499.5,35.375,279677585.2,32.859,,
200,7,4,0.3,185343769.5,19.371,185343769.5,28.631,,
200,7,4,0.5,192231103.1,26.323,192231103.1,21.092,,
200,7,4,0.7,199118411.3,21.342,199118411.3,55.136,,
200,7,5,0.3,156657722.6,40.138,156657722.6,39.005,,
200,7,5,0.5,164004496.9,144.249,163922276.5,74.67,,
200,7,5,0.7,171555085.7,82.19,171112488.9,204.324,,
200,7,6,0.3,136891651.3,89.125,136857713.3,158.424,,
200,7,6,0.5,144940658.7,161.499,144878526.2,86.426,,
200,7,6,0.7,152777612.4,185.069,152841418.9,171.242,,
200,7,7,0.3,124065422,212.487,123896044.4,194.165,,
200,7,7,0.5,132324390.9,117.23,132321208.7,180.799,,
200,7,7,0.7,140418384.7,180.396,140491262.2,289.027,,
200,7,8,0.3,112718642.3,451.057,111805648.2,166.762,,
200,7,8,0.5,120252607.3,331.792,120173150.9,194.017,,
200,7,8,0.7,130526263.1,343.908,128368573.5,220.328,,
200,7,9,0.3,105666696.4,225.185,104294147.4,432.802,,
200,7,9,0.5,112702926,188.325,112370121.2,411.826,,
200,7,9,0.7,121404145.7,205.763,121306665.3,325.459,,
200,7,10,0.3,98045843.28,549.894,97638228.12,338.783,,
200,7,10,0.5,106311611.5,193.147,105151153.3,258.917,,
200,7,10,0.7,114071331.6,151.916,113410957.1,347.893,,
200,8,2,0.3,894295140,1.649,894295140,1.622,,
200,8,2,0.5,910861433.2,1.835,910861433.2,1.009,,
200,8,2,0.7,927418315.6,1.987,927418315.6,3.648,,
200,8,3,0.3,537896166.6,1.322,537896166.6,0.672,,
200,8,3,0.5,563502150.9,1.544,563502150.9,1.24,,
200,8,3,0.7,588410421.5,15.716,588410421.5,29.553,,
200,8,4,0.3,482817907.3,60.123,482817907.3,51.943,,
200,8,4,0.5,513096170.3,38.33,513272362.1,22.983,,
200,8,4,0.7,539001079.5,47.68,539055952.4,60.079,,
200,8,5,0.3,432083007.6,102.958,432024846.1,160.372,,
200,8,5,0.5,464718011.3,107.114,464806168.6,137.131,,
200,8,5,0.7,497404034.3,98.117,497275705.3,89.09,,
200,8,6,0.3,387039042.2,196.931,385511022.9,169.842,,
200,8,6,0.5,422593408,201.121,420988780.1,149.481,,
200,8,6,0.7,460096539.4,75.185,456455822.7,112.037,,
200,8,7,0.3,349017572.4,193.113,348995020.3,157.407,,
200,8,7,0.5,388089409.1,298.918,387101415.5,90.732,,
200,8,7,0.7,424761350.4,193.945,424864888.4,268.758,,
200,8,8,0.3,318236910.9,221.539,318204364,158.6,,
200,8,8,0.5,359065224.7,113.469,358960535.9,123.206,,
200,8,8,0.7,398859327.1,202.304,400379890.4,246.03,,
200,8,9,0.3,298149375.5,266.022,298102410.8,190.242,,
200,8,9,0.5,340006592.7,190.695,337540989,213.438,,
200,8,9,0.7,378664150.6,233.209,379322827.6,210.938,,
200,8,10,0.3,283407658.8,275.538,283212613.1,286.694,,
200,8,10,0.5,324985623.5,166.454,324671936.7,197.354,,
200,8,10,0.7,365167078.1,199.054,365167078.1,343.18,,
200,9,2,0.3,317794762.6,15.349,317800453.6,8.403,,
200,9,2,0.5,321352176.7,2.913,321352176.7,7.786,,
200,9,2,0.7,324626920.8,4.179,324626920.8,8.382,,
200,9,3,0.3,251943700.7,33.332,251943700.7,22.393,,
200,9,3,0.5,258056248.1,53.297,258171720.8,42.495,,
200,9,3,0.7,263610802.7,39.204,263175336.8,45.184,,
200,9,4,0.3,203817431.6,35.83,203671896,52.502,,
200,9,4,0.5,209574606.9,63.123,209549416.3,59.44,,
200,9,4,0.7,215755667.4,73.969,215603771.9,117.654,,
200,9,5,0.3,177311419.5,98.265,176942093.1,97.316,,
200,9,5,0.5,183689367.8,134.334,183662335.1,118.415,,
200,9,5,0.7,190119823.1,74.147,189932343.4,77.332,,
200,9,6,0.3,154464521.3,118.086,152171052.1,100.38,,
200,9,6,0.5,160359977.4,240.151,159924280.3,191.946,,
200,9,6,0.7,165785942.7,179.939,165569317.2,139.816,,
200,9,7,0.3,132363002.9,139.648,131657021.3,263.31,,
200,9,7,0.5,139604974.8,128.74,138894171.5,269.009,,
200,9,7,0.7,148043194.8,163.565,146575107.2,240.322,,
200,9,8,0.3,115229042.2,103.574,113947010.8,180.892,,
200,9,8,0.5,123028407.9,229.13,121771028.2,225.841,,
200,9,8,0.7,130472474.7,209.295,129132549.5,269.971,,
200,9,9,0.3,101541510.6,212.733,101550001.2,168.27,,
200,9,9,0.5,109648539.1,157.062,109836025.4,259.443,,
200,9,9,0.7,118937630.9,152.363,118176307.4,401.126,,
200,9,10,0.3,92704147.99,312.809,92704147.99,119.887,,
200,9,10,0.5,101286496.4,166.831,101286496.4,117.2,,
200,9,10,0.7,110908209.7,220.882,110757783.3,318.052,,
200,10,2,0.3,171019521.9,26.147,171019521.9,17.226,,
200,10,2,0.5,173846750.6,15.647,173759322.7,22.807,,
200,10,2,0.7,176486042.5,20.053,176486526.1,19.395,,
200,10,3,0.3,134903224.2,20.873,134903224.2,30.882,,
200,10,3,0.5,138265397.8,51.431,138221288.4,57.023,,
200,10,3,0.7,141739795.6,48.034,141349514.3,40.118,,
200,10,4,0.3,115033125.5,42.656,114918830.8,55.837,,
200,10,4,0.5,119164814.4,77.553,119067441.6,67.721,,
200,10,4,0.7,123367903.2,146.205,123106739.7,70.831,,
200,10,5,0.3,97164818.55,134.46,97164818.55,125.875,,
200,10,5,0.5,101864184.9,95.257,101985406.9,172.873,,
200,10,5,0.7,107276522.9,112.954,107011513.2,176.562,,
200,10,6,0.3,81690621.99,95.266,81690621.99,145.598,,
200,10,6,0.5,86732639.52,145.843,86759137.77,255.002,,
200,10,6,0.7,93473685.84,102.282,91863366.21,223.539,,
200,10,7,0.3,73564607.91,208.453,73564607.91,261.598,,
200,10,7,0.5,79107137.96,217.544,79084584.23,133.017,,
200,10,7,0.7,84866474.32,148.798,84615550.45,268.596,,
200,10,8,0.3,67871013.32,249.503,67459254.75,231.584,,
200,10,8,0.5,72946701.06,196.395,72871047.08,184.955,,
200,10,8,0.7,78790477.56,232.587,78155333.93,397.609,,
200,10,9,0.3,61785175.13,215.454,61839148.1,215.553,,
200,10,9,0.5,67265445.09,181.576,67236910.53,267.238,,
200,10,9,0.7,72986007.48,159.3,72910082.58,236.235,,
200,10,10,0.3,57044530.33,283.978,57044530.33,350.297,,
200,10,10,0.5,63088718.13,223.809,62905175.75,193.352,,
200,10,10,0.7,69381371.67,128.293,68753564.74,351.964,,
