Dataset,p,alpha,RCBS_solution,RCBS_time,DL-RCBS_solution,DL-RCBS_time,ARCBS_solution,ARCBS_time,DL-ARCBS_solution,DL-ARCBS_time,IRCBS_solution,IRCBS_time,DL-IRCBS_solution,DL-IRCBS_time,IARCBS_solution,IARCBS_time,DL-IARCBS_solution,DL-IARCBS_time,CPLEX_solution,CPLEX_time
cab50,2,0.2,2012474097,2.19,1888119663,2.104,2012474097,2.11,1864517032,2.226,1888119663,3.099,1888119663,2.564,1888119663,2.195,1864517032,2.782,1816984712,4.534
cab50,2,0.3,2059535588,2.016,1953641234,2.306,2059535588,2.199,1931836701,2.418,1953641234,2.396,1953641234,2.659,1953641234,2.831,1931836701,2.621,1873241700,4.529
cab50,2,0.4,2106602493,2.033,2019157307,2.477,2106602493,2.065,1999159928,2.562,2019157307,3.237,2019157307,2.6,2019157307,2.95,1999159928,2.93,1926529756,4.753
cab50,2,0.5,2153656022,2.228,2084685102,2.588,2153656022,2.381,2066478677,2.802,2084685102,3.36,2084685102,2.879,2084685102,2.956,2066478677,3.374,1976810550,4.924
cab50,2,0.6,2200711717,2.696,2144926163,2.333,2200711717,3.749,2133797432,3.345,2144926163,3.224,2144926163,2.826,2144926163,2.945,2133797432,3.669,2027091344,5.953
cab50,2,0.7,2247789648,3.025,2203489841,2.671,2247789648,2.863,2198694501,3.708,2203489841,3.289,2203489841,3.3,2203489841,3.209,2198694501,4.259,2075904736,5.358
cab50,2,0.8,2289070100,3.124,2262065625,3.131,2289070100,2.943,2258857383,6.592,2262065625,3.294,2262065625,4.831,2262065625,3.5,2258857383,7.998,2124663628,6.76
cab50,3,0.2,1628229130,2.816,1539345569,3.233,1560574011,2.318,1539345569,2.794,1539345569,2.589,1539345569,3.066,1539345569,5.312,1539345569,3.037,1532739462,14.308
cab50,3,0.3,1722470631,5.427,1622125921,4.23,1638736491,3.116,1622125921,3.574,1622125921,3.114,1622125921,3.126,1622125921,5.414,1622125921,4.057,1622125921,18.537
cab50,3,0.4,1794082868,3.422,1704908115,4.639,1716376829,3.04,1704908115,4.297,1704908115,3.243,1704908115,4.116,1704908115,5.233,1704908115,4.664,1694049260,24.224
cab50,3,0.5,1865659807,3.222,1787683313,4.771,1793829157,2.842,1787683313,5.136,1787683313,3.42,1787683313,4.795,1787683313,7.638,1787683313,5.58,1760986754,24.359
cab50,3,0.6,1937252398,4.858,1870460046,5.074,1871282612,3.292,1870460046,6.584,1870460046,3.685,1870460046,6.421,1870460046,8.935,1870460046,7.27,1827924248,32.338
cab50,3,0.7,2008818728,7.663,1948732662,7.084,1948732662,6.963,1948732662,7.112,1949699042,4.535,1948732662,9.278,1948732662,12.605,1948732662,11.332,1894861743,32.986
cab50,3,0.8,2077820044,9.213,2026185488,8.495,2026185488,9.298,2026185488,10.333,2026754410,6.332,2026185488,11.804,2026185488,15.325,2026185488,13.789,1961799237,46.696
cab50,4,0.2,1245055539,2.318,1245055539,2.224,1245055539,2.286,1245055539,2.588,1245055539,2.459,1245055539,2.356,1245055539,2.521,1245055539,2.44,1233570993,5.99
cab50,4,0.3,1335362241,2.407,1335362241,2.372,1335362241,2.666,1335362241,2.598,1335362241,2.71,1335362241,2.53,1335362241,2.873,1335362241,2.465,1335362241,8.841
cab50,4,0.4,1425665957,2.507,1425665957,2.489,1425665957,2.808,1425665957,2.818,1425665957,2.81,1425665957,2.76,1425665957,2.903,1425665957,2.707,1425665957,8.21
cab50,4,0.5,1515969673,2.518,1515969673,2.592,1515969673,3.034,1515969673,2.935,1515969673,2.968,1515969673,2.785,1515969673,3.134,1515969673,3.147,1515969673,10.271
cab50,4,0.6,1606273389,3.203,1606273389,3.387,1606273389,3.537,1606273389,3.698,1606273389,3.447,1606273389,3.218,1606273389,3.812,1606273389,3.828,1606273389,11.836
cab50,4,0.7,1696577105,4.588,1696577105,4.369,1696577105,5.151,1696577105,4.968,1696577105,4.875,1696577105,4.222,1696577105,5.135,1696577105,5.794,1696577105,20.885
cab50,4,0.8,1786880820,6.499,1786880820,6.155,1786880820,7.263,1786880820,7.995,1786880820,7.145,1786880820,7.122,1786880820,7.87,1786880820,8.96,1786880820,32.465
cab50,5,0.2,1037635977,2.649,1037635977,2.563,1037635977,3.415,1037635977,3.344,1037635977,2.788,1037635977,3.019,1037635977,3.532,1037635977,3.446,1037635977,5.094
cab50,5,0.3,1154303420,2.853,1154303420,2.967,1154303420,3.77,1154303420,3.916,1154303420,3.577,1154303420,3.022,1154303420,4.428,1154303420,3.607,1154303420,6.772
cab50,5,0.4,1270509751,4.106,1270509751,3.337,1268695516,4.259,1268695516,3.783,1270509751,4.101,1270509751,4.578,1268695516,4.516,1268695516,4.391,1268695516,11.966
cab50,5,0.5,1375743516,4.692,1375743516,4.195,1375743516,6.403,1375743516,4.985,1375743516,5.121,1375743516,5.147,1375743516,6.42,1375743516,5.669,1375743516,23.065
cab50,5,0.6,1474729994,4.995,1495951359,7.165,1474729994,7.186,1495037026,8.777,1474729994,5.3,1474729994,5.887,1474729994,8.087,1474729994,5.784,1474729994,25.783
cab50,5,0.7,1573716473,5.628,1586447839,8.603,1573716473,6.66,1586447839,9.494,1573716473,7.156,1573716473,6.507,1573716473,8.24,1573716473,8.931,1573716473,40.687
cab50,5,0.8,1672702951,9.271,1676951617,9.177,1672702951,14.64,1676951617,15.094,1672702951,9.449,1672702951,11.529,1672702951,15.599,1672702951,15.425,1672702951,32.462
ap50,2,0.2,712821.6133,2.249,690451.0009,2.551,712821.6133,2.199,690451.0009,2.457,712821.6133,2.108,690451.0009,2.43,712821.6133,2.171,690451.0009,2.439,690451.0009,5.364
ap50,2,0.3,742924.2689,2.423,717801.226,2.692,742924.2689,2.486,717801.226,2.71,742924.2689,2.303,717801.226,2.698,742924.2689,2.44,717801.226,2.698,717801.226,7.185
ap50,2,0.4,772583.0204,2.349,743451.9277,2.372,772583.0204,2.388,743451.9277,2.392,772583.0204,2.377,743451.9277,2.395,772583.0204,2.349,743451.9277,2.688,742761.1599,9.079
ap50,2,0.5,801053.1632,2.682,768301.4677,2.818,801053.1632,2.767,768301.4677,2.819,801053.1632,2.862,768301.4677,2.907,801053.1632,2.773,768301.4677,2.806,765942.3652,9.567
ap50,2,0.6,829529.1397,3.608,793150.6408,3.112,829529.1397,3.548,793150.6408,3.149,829529.1397,3.584,793150.6408,3.102,829529.1397,3.446,793150.6408,3.089,788608.2572,11.644
ap50,2,0.7,858003.5402,5.468,816855.7154,3.344,858003.5402,5.343,816855.7154,3.369,858003.5402,5.457,816855.7154,3.452,858003.5402,5.306,816855.7154,3.303,811274.1492,20.848
ap50,2,0.8,881846.7814,6.913,840513.9804,3.743,881846.7814,6.793,840513.9804,3.788,881846.7814,6.706,840513.9804,3.745,881846.7814,6.748,840513.9804,3.798,831311.3636,28.259
ap50,3,0.2,630153.7963,3.461,628616.3084,3.303,621163.096,2.76,628616.3084,3.338,630153.7963,4.237,610388.6697,2.85,620142.108,4.695,610388.6697,2.927,600581.179,5.694
ap50,3,0.3,662621.3045,3.893,657253.9182,4.034,650635.2004,3.338,657253.9182,3.829,662621.3045,5.071,643819.5726,6.232,650635.2004,6.859,643819.5726,4.211,635193.643,10.285
ap50,3,0.4,693471.044,6.325,685810.6702,5.726,679854.8298,5.378,685810.6702,5.491,693471.044,9.904,675717.1585,10.193,679854.8298,11.54,675717.1585,8.532,668444.4825,23.831
ap50,3,0.5,722482.8392,9.428,713586.6788,7.093,708170.713,10.954,713586.6788,6.587,722482.8392,11.376,707164.3917,14.548,708170.713,14.798,707164.3917,12.581,698834.287,37.482
ap50,3,0.6,750875.5783,9.099,741354.9088,11.182,735082.8953,13.903,741354.9088,11.864,750875.5783,10.644,736580.0387,14.898,735082.8953,15.901,736580.0387,19.044,726768.6618,41.024
ap50,3,0.7,778556.1329,7.686,769126.9916,12.958,760745.5327,12.639,769126.9916,13.299,778556.1329,13.661,764898.5757,23.739,760745.5327,19.05,764898.5757,24.474,753728.322,49.423
ap50,3,0.8,806225.2653,10.562,796898.3808,17.631,786119.7803,16.831,796898.3808,15.941,806225.2653,15.901,792480.7937,24.789,786119.7803,22.521,792480.7937,29.229,780492.4299,71.023
ap50,4,0.2,573857.9625,3.754,542977.7262,2.974,559191.0277,3.81,542960.403,3.986,558722.4184,4.122,539251.3648,3.951,550540.6064,4.96,538631.4647,6.304,538631.4647,9.816
ap50,4,0.3,615761.3788,5.48,581051.3165,3.87,600504.5522,8.869,581051.3165,7.369,596046.0151,5.265,575433.5343,6.008,587019.6346,12.227,575295.1201,9,575295.1201,15.718
ap50,4,0.4,652165.8245,5.558,617718.2552,7.96,641805.0544,14.421,617718.2552,14.598,631731.7438,6.339,611615.7037,9.464,623205.8209,20.658,611615.7037,12.842,611615.7033,32.212
ap50,4,0.5,686881.2524,9.078,652049.9946,7.726,682489.025,17.471,652049.9946,19.977,662582.3169,6.152,647797.8724,12.421,658563.622,24.351,647797.8724,21.336,644021.614,35.708
ap50,4,0.6,718943.7453,9.138,685205.2754,12.669,718943.7453,24.445,682514.807,24.12,693116.3004,9.038,683980.0418,20.877,693116.3004,26.797,682514.807,37.137,674874.4441,53.148
ap50,4,0.7,750812.0109,12.089,717484.047,20.316,750812.0109,27.356,712227.3832,27.48,723599.5744,14.612,717484.047,37.337,723599.5744,39.088,712227.3832,53.425,705716.7129,73.839
ap50,4,0.8,782115.1547,15.13,749762.8186,20.737,782115.1547,39.744,741669.9448,36.74,754081.7198,27.06,749473.7705,52.741,754081.7198,61.388,741669.9448,62.003,736558.9817,86.643
ap50,5,0.2,534040.8446,4.704,507463.8033,2.999,522319.2017,4.773,507463.8033,3.035,519215.3865,4.493,499344.9812,4.83,511815.1326,6.404,499344.9812,5.556,499005.6574,19.963
ap50,5,0.3,580043.6079,11.137,546492.3398,4.418,568528.4946,11.205,546492.3398,5.557,562644.664,14.643,537336.1321,8.695,554262.2203,18.635,537336.1321,8.99,537336.1321,43.403
ap50,5,0.4,620652.8419,12.288,585490.1991,8.953,612925.7994,18.176,585490.1991,11.442,603841.9251,21.326,574928.7578,10.694,594562.5749,28.337,574928.7578,11.226,574928.7578,48.426
ap50,5,0.5,660439.2479,17.666,622538.8671,21.457,652985.343,20.494,622379.6218,23.106,639222.8744,25.071,612481.9141,16.138,630739.9999,35.654,612481.9141,21.287,612481.9141,97.07
ap50,5,0.6,697542.8683,20.015,655484.0137,25.752,692340.5115,25.076,654494.0129,31.051,672812.2618,41.549,648314.5966,31.077,666613.4337,49.48,648275.7731,41.588,647059.3016,150.358
ap50,5,0.7,733176.4553,27.354,687797.9642,35.521,730664.5046,45.137,686606.6597,32.264,706402.7371,52.33,681133.4663,49.263,702447.6061,80.058,681133.4663,62.483,680745.4414,220.088
ap50,5,0.8,765953.1544,38.524,720093.2114,49.86,765953.1544,43.736,718722.3397,54.41,739999.4112,67.551,713995.6882,65.825,738278.6816,125.699,713995.6882,69.947,713995.6882,373.037
cab100,2,0.2,18626182022,285.5244,17455136872,256.2136,17959792948,221.8968,17455136872,253.3864,18626182022,209.683,17455136872,293.1515,17959792948,236.8954,17455136872,188.9926,16492712786,753.0753
cab100,2,0.3,19204900454,265.4227,18259102697,221.7445,18592055815,210.4957,18259102697,272.1321,19204900454,212.0774,18259102697,274.2187,18592055815,179.1202,18259102697,203.0261,17115830281,1251.8733
cab100,2,0.4,19783618886,253.1103,19063068522,255.5722,19194721216,217.5054,19063068522,276.0143,19783618886,203.1881,19063068522,262.9944,19194721216,253.925,19063068522,274.6353,17738947776,1152.7952
cab100,2,0.5,20362337318,313.1994,19867034347,288.7043,19797386618,249.831,19867034347,323.7977,20362337318,293.9431,19867034347,388.5339,19797386618,218.1845,19867034347,431.2988,18362065271,2048.9636
cab100,2,0.6,20941055750,364.3394,20671000172,481.152,20400052020,294.6366,20671000172,486.364,20941055750,317.718,20671000172,633.6775,20400052020,192.7107,20671000172,514.5107,18985182766,1900.4139
cab100,2,0.7,21519774182,355.8714,21474965997,727.7949,21002717421,254.5308,21474965997,621.0852,21519774182,245.3954,21474965997,1046.4105,21002717421,186.2838,21474965997,780.6699,19608300261,1561.9819
cab100,2,0.8,22098492614,396.8596,22098492614,541.2306,21605382823,234.6556,22098492614,687.4423,22098492614,203.9067,22098492614,854.8624,21605382823,373.1848,22098492614,553.709,20231417756,3332.6363
cab100,3,0.2,13416571627,404.2091,13348722846,243.0998,13416571627,360.5015,13348722846,228.326,13348722846,268.551,13223412948,331.0729,13348722846,310.0572,13206600998,553.3613,12945447284,1584.4113
cab100,3,0.3,14429720288,436.206,14334949008,357.4467,14429720288,283.6375,14334949008,338.0423,14334949008,396.4731,14245658884,756.825,14334949008,366.0708,14206304619,692.0589,13930218681,1673.2832
cab100,3,0.4,15442470090,509.659,15321175171,444.9626,15442470090,552.4516,15321175171,692.1787,15321175171,461.6372,15205644853,570.3456,15321616147,444.1851,15176624640,862.123,14892733422,3860.0826
cab100,3,0.5,16455219893,672.5131,16287912682,588.8726,16455219893,709.0855,16273338410,633.7204,16287912682,672.8483,16158324989,719.2322,16287912682,770.6864,16146944661,1111.8809,15800720878,5388.3561
cab100,3,0.6,17467969696,882.1579,17214942422,954.2031,17467969696,815.9927,17214942422,1506.2535,17214942422,956.9038,17100320332,1122.6528,17214942422,893.8314,17100320332,1526.3629,16706562134,9197.3711
cab100,3,0.7,18480719498,1239.752,18141694533,670.3305,18480719498,1157.0477,18141694533,1122.4608,18141694533,726.5322,18040154933,1474.2804,18141694533,655.252,18040154933,2106.5032,17612403391,14400.9977
cab100,3,0.8,19493469301,1769.5615,19068446643,809.6008,19493469301,1455.5646,19068446643,1409.7858,19068446643,1326.9102,18968377649,1938.6205,19068446643,1359.606,18968377649,2808.236,18538042719,14400.8516
cab100,4,0.2,11708460483,404.3455,11094768494,178.2551,11694661611,260.4591,11094768494,313.8915,11488785409,228.2649,11094768494,354.4204,11489086071,318.5719,11094768494,409.5092,11027421846,1469.7332
cab100,4,0.3,12882943811,468.995,12231191313,481.2193,12878170106,686.3162,12231191313,648.1736,12570536622,400.2984,12231191313,732.5131,12570536622,786.885,12231191313,804.2447,12124935075,3312.5749
cab100,4,0.4,14044015363,426.7326,13367614132,741.5577,14033155680,695.2552,13367614132,1063.9867,13647417508,688.7951,13367614132,1112.6096,13631805658,1219.8544,13367614132,1153.0249,13218206372,10148.1869
cab100,4,0.5,15205086915,870.0017,14502908972,650.3544,15183368754,1122.6337,14472208201,841.4513,14664338436,1206.994,14502908972,1007.1279,14659186720,1677.1632,14472208201,1498.1894,14394289911,14400.7946
cab100,4,0.6,16364398263,939.2961,15621236854,930.1532,16333581828,1852.7208,15563380993,1442.6271,15671509997,1144.5227,15621236854,1781.5099,15671509997,1364.4195,15563380993,3103.6548,15355580296,14400.7487
cab100,4,0.7,17428020277,993.7277,16678681558,1301.8984,17428020277,2332.9835,16654553785,2346.9016,16678681558,1604.9748,16678681558,2280.1919,16678681558,2228.1656,16654553785,3635.9495,16384418254,14401.1884
cab100,4,0.8,18440388904,1428.2502,17682631722,1532.7693,18440388904,3453.0077,17682631722,3519.9501,17682631722,1343.0307,17682631722,2997.4211,17682631722,2683.0323,17682631722,6557.8206,17427139697,14400.7971
cab100,5,0.2,10988818356,485.3725,9660860924,276.9269,10985951727,784.8329,9660692257,327.3619,9660692257,171.1858,9660692257,269.0394,9660692257,271.1624,9660692257,357.129,9645690957,1116.537
cab100,5,0.3,12172286795,578.6885,10829962482,260.3796,12169286440,839.0843,10829962482,389.9832,10829962482,202.1037,10829962482,346.358,10829962482,293.8279,10829962482,385.971,10829962482,2668.746
cab100,5,0.4,13341055937,1120.4117,11999232706,252.446,13329589470,1432.9486,11999232706,364.3534,11999232706,353.6044,11999232706,348.9175,11999232706,634.1605,11999232706,433.0095,11999232705,5682.7582
cab100,5,0.5,14509683635,1578.1692,13134778019,387.2822,14487206994,2633.575,13134814418,455.7736,13139091347,678.0881,13134778019,506.244,13106194208,794.1719,13134778019,662.9648,13106277603,14400.6993
cab100,5,0.6,15672232667,1892.5632,14258325053,524.0567,15640579958,3987.9553,14258325053,695.875,14224748268,769.5168,14258462663,689.3865,14165747854,1046.528,14258325053,1129.4904,14193847398,14400.613
cab100,5,0.7,16820045950,2980.2079,15382110908,715.9013,16776817733,14400.8112,15381872087,1240.0151,15288663115,993.3811,15381872087,1451.3646,15264590713,1128.0543,15381872087,2033.3341,15264590713,14400.656
cab100,5,0.8,17958560395,5553.9032,16505419122,916.805,17881955912,14400.8063,16505419122,1538.8916,16351336569,1535.7329,16505419122,1556.8931,16280861523,2011.4571,16505419122,3246.7607,16346975631,14400.7395
cab100,10,0.2,6648133624,374.8438,6663373926,233.2603,6648133624,394.0759,6663373926,230.1146,6648133624,258.0285,6648133624,322.9537,6648133624,317.6268,6648133624,401.1231,6648133624,566.0738
cab100,10,0.3,7930225961,403.0041,7949771170,276.5806,7930225961,650.5696,7949771170,405.4741,7930225961,667.57,7930225961,478.7857,7930225961,906.1736,7930225961,623.0476,7930225961,1494.5081
cab100,10,0.4,9212094471,691.0595,9236168413,377.7588,9212094471,1348.8449,9236168413,991.7308,9212094471,1599.586,9212094471,1014.338,9212094471,3772.9539,9212094471,2155.4572,9212094471,9532.4924
cab100,10,0.5,10493434323,1142.5682,10521909360,691.892,10490006414,4455.1791,10518476762,2888.7318,10493434323,3095.5665,10493434323,1904.2911,10490006414,12710.9406,10490006414,6609.4869,10682544026,14400.6906
cab100,10,0.6,11763172579,2725.0232,11795798918,986.2488,11757170149,14400.8327,11790027237,14400.6984,11763172579,8907.6677,11763172579,3955.8208,11791797259,14400.7159,11757667016,14400.6559,11988733598,14400.6479
cab100,10,0.7,13001703701,5032.6127,13051654312,2118.9568,13009884227,14400.8602,13040720399,14400.8783,13004991318,14400.6311,13014695332,9748.8991,13051496506,14400.7862,13011183234,14400.6802,13173761125,14400.5856
cab100,10,0.8,14190913911,7846.1274,14307058145,6521.3329,14192444768,14400.7463,14284183570,14400.9001,14191153870,14400.7168,14253077136,14400.6775,14199191718,14400.6379,15044964865,2173.9035,14298707746,14400.6751
ap100,2,0.2,910230.9248,213.9255,703414.2792,213.67,910230.9248,146.9969,703414.2792,156.3349,910230.9248,148.6935,703414.2792,169.3404,910230.9248,199.4366,703414.2792,204.1434,703414.2792,889.3878
ap100,2,0.3,915900.1059,239.1026,729854.1247,238.0384,915900.1059,145.9369,729854.1247,261.3435,915900.1059,153.9302,729854.1247,208.2371,915900.1059,150.7856,729854.1247,246.3637,729854.1247,1122.0334
ap100,2,0.4,921455.6292,230.501,755566.1136,272.9711,921455.6292,126.4286,755566.1136,256.3961,921455.6292,141.7849,755566.1136,249.7788,921455.6292,145.4872,755566.1136,280.8229,755566.1136,1138.0522
ap100,2,0.5,927011.1526,242.7706,780805.2594,241.6423,927011.1526,163.6722,780805.2594,251.3677,927011.1526,187.5411,780805.2594,342.891,927077.5413,139.6158,780805.2594,322.8304,778867.3988,1792.83
ap100,2,0.6,932573.2992,178.5051,805626.5531,345.4196,932573.2992,176.7292,805626.5531,272.85,932573.2992,160.1476,805626.5531,276.3362,932573.2992,162.7508,805626.5531,283.5491,801492.0685,2915.3016
ap100,2,0.7,938069.057,226.7054,830274.7701,359.9736,938069.057,158.7717,830274.7701,440.2245,938069.057,174.5339,830274.7701,433.8189,938069.057,198.5675,830274.7701,426.8391,823865.5795,4935.2087
ap100,2,0.8,943564.8148,270.773,854595.5519,485.0952,943564.8148,233.9296,854595.5519,564.0718,943564.8148,204.8132,854595.5519,487.8205,943571.3101,253.9539,854595.5519,480.9167,844143.1325,5955.6555
ap100,3,0.2,651666.0228,327.7032,621618.8338,167.2615,651666.0228,309.8112,621618.8338,228.2364,639832.6464,214.5752,613857.4982,235.4533,639832.6464,214.6743,613857.4982,227.0172,613857.4982,1302.408
ap100,3,0.3,680876.7152,359.297,653960.7559,409.6431,680876.7152,373.3131,653960.7559,412.2015,669733.1711,351.7627,647069.0854,409.4296,669733.1711,298.1229,647069.0854,393.4867,647100.1269,2442.7119
ap100,3,0.4,709513.4603,480.9874,685917.5579,468.7508,709513.4603,419.986,685917.5579,372.9794,698757.4206,386.3278,679961.458,722.5327,698757.4206,487.8042,679961.458,876.477,679961.458,4300.3933
ap100,3,0.5,738150.2053,539.3779,717258.2749,753.6108,738150.2053,508.6735,717258.2749,719.2334,727635.0827,690.8744,712651.8537,1107.6375,727635.0827,645.0467,712651.8537,993.6224,710373.9927,6275.703
ap100,3,0.6,765372.5017,868.5595,747545.8434,662.9875,765372.5017,954.485,747551.8669,843.0372,756348.1994,753.5507,745031.4661,1275.993,756348.1994,1219.7886,745031.4661,1511.158,738414.4146,12112.351
ap100,3,0.7,792089.6089,946.9678,777275.959,995.9895,792089.6089,1168.1171,777275.959,978.4421,784956.4032,1213.0044,777275.959,2465.4857,784956.4032,1399.7439,777275.959,10762.1545,766454.1105,14400.8687
ap100,3,0.8,818688.2228,1561.9982,806397.9697,1127.2914,818688.2228,2021.791,806397.9697,1096.3497,813282.6803,2171.9921,805091.898,2524.3332,813282.6803,2143.9071,805091.898,2571.4977,796878.6216,14400.6543
ap100,4,0.2,596112.0608,238.2163,555285.5002,249.1027,594520.3783,179.5143,553739.6157,481.3563,577599.1945,240.5603,554528.8564,476.5464,576070.2053,253.6047,553739.6157,651.7443,553739.6157,2830.2377
ap100,4,0.3,626906.6765,351.2894,591281.5163,541.3819,625319.9559,290.3673,589777.0682,651.4648,616473.4897,482.6751,590975.1975,871.1787,614994.3845,482.5189,589777.0682,1083.1829,589777.0682,3629.554
ap100,4,0.4,657307.3556,398.0936,626957.0724,805.628,656029.428,336.1482,625814.5207,1093.2659,655050.1166,718.9991,626957.0724,1135.5727,653918.5638,1196.2806,625814.5207,1161.8384,625814.5207,8388.33
ap100,4,0.5,687426.5041,273.9667,662492.7807,1101.9646,686600.7705,419.5977,661851.9733,1745.3455,687426.5041,632.3999,662492.7807,1314.7736,686600.7705,1424.9636,661851.9733,1686.0211,658291.6771,12758.075
ap100,4,0.6,717542.1853,353.3667,698028.489,2093.3323,717172.113,881.9722,697889.4258,3646.0263,717542.1853,683.7892,698028.489,2232.3877,717172.113,1531.3709,697889.4258,14400.6294,689859.9007,14400.5984
ap100,4,0.7,747306.0843,528.4313,732887.7012,2446.211,747306.0843,1326.8635,732887.7012,14400.6755,747306.0843,851.8845,732887.7012,3357.6274,747306.0843,1765.5888,733425.8847,14400.6688,721166.0274,14400.6528
ap100,4,0.8,777069.9834,684.6734,765265.2493,2490.4654,777069.9834,2319.1073,765265.2493,14400.8105,777069.9834,1225.1669,764956.3952,14400.6155,777069.9834,2607.6748,765267.6912,14400.9957,755399.1792,14400.659
ap100,5,0.2,540428.8076,395.0913,517009.9198,414.028,540428.8076,611.5648,517009.9198,474.2378,540428.8076,758.5364,517009.9198,558.4383,540428.8076,959.1463,517009.9198,593.13,514819.2879,6860.0487
ap100,5,0.3,582665.062,847.7303,556481.2219,696.5281,582665.062,892.5399,556481.2219,618.2915,582286.778,1656.2919,556481.2219,784.1721,582286.778,2070.4566,556481.2219,1146.8451,554738.6257,13186.4036
ap100,5,0.4,618457.6863,918.8967,595575.5233,1095.9549,618457.6863,1333.9166,595575.5233,1386.603,618457.6863,2239.4217,595575.5233,1808.6348,618457.6863,2157.6025,595575.5233,2284.984,595514.0739,14400.6003
ap100,5,0.5,654000.488,1120.9672,633597.8501,1534.9706,654000.488,1297.5277,633597.8501,1676.504,652325.0914,2092.6717,632667.4664,3046.7746,652325.0914,2243.3765,630918.4747,3039.279,632943.7222,14400.9976
ap100,5,0.6,689298.325,1178.5096,669250.6549,2488.7272,689298.325,1882.0761,669250.6549,2457.5352,684496.7992,2669.6657,665740.9046,3527.2567,684496.7992,3140.6996,664820.3445,3445.132,666817.8412,14400.9631
ap100,5,0.7,723413.4203,2469.8179,704032.4334,3237.2506,723413.4203,3632.4194,704032.4334,4469.5615,716668.5071,2996.9529,698657.8947,4402.5406,716668.5071,4551.7472,698597.0924,5329.2179,702954.6425,14400.6294
ap100,5,0.8,757528.5157,5051.7523,738721.3097,4461.0947,757528.5157,5336.6876,738721.3097,6212.1465,748840.2149,5066.3567,731402.7915,4695.4738,748840.2149,6579.2685,731402.7915,6477.7621,735374.7782,14400.5898
ap100,10,0.2,395298.7083,377.0101,406802.535,1122.6645,395298.3338,309.7216,406802.535,1129.8501,388809.5017,1180.6623,404800.6968,839.2388,388809.5017,929.4102,404800.6968,1201.341,386349.1537,7746.8743
ap100,10,0.3,444183.336,384.273,448871.5719,1258.5299,444183.336,350.5475,448871.5719,1378.2205,438898.0358,2976.8053,447803.4112,1888.5718,438898.0358,2350.7573,447803.4112,2414.4628,435521.4366,14400.7189
ap100,10,0.4,491912.4138,1136.761,490237.954,1147.9785,491912.4138,1073.0708,490237.954,2334.5299,487322.6339,3973.4901,490237.954,3743.0876,487322.6339,3387.0189,490237.954,4739.9523,482789.8344,14400.6499
ap100,10,0.5,539000.5512,2316.8613,531602.8845,1530.326,539000.5512,2682.9079,531602.8845,2367.8854,534566.0645,10694.7884,531602.8845,4157.8278,534566.0645,13051.6648,531602.8845,6574.7902,528218.0983,14400.7808
ap100,10,0.6,585661.9087,7870.5724,572777.1652,2592.5754,585661.9087,8806.8479,572777.1652,5252.6975,579747.0542,14400.6585,572777.1652,10975.913,579747.0542,14400.6226,572814.8804,14400.6863,575410.6945,14400.6035
ap100,10,0.7,632034.0476,14400.9651,612748.4003,4695.7155,632089.7043,14400.7235,612748.4003,12601.3993,624590.7724,14401.0265,612748.4003,14400.5246,624460.4597,14400.5917,614933.7862,14400.6899,621183.1788,14400.5511
ap100,10,0.8,677049.5202,14401.0045,652681.9203,14063.4134,676755.5142,14400.6356,653126.1781,14400.5802,669521.9144,14400.7995,656090.4608,14400.7183,668023.613,14400.834,654989.5344,14400.6216,655354.1554,14400.5651
tr,2,0.2,52077830491,81.7851,48621542734,59.9663,52077830491,88.53,48621542734,61.0641,52077830491,85.6855,48621542734,68.5814,52077830491,90.3427,48621542734,77.0118,46531515788,520.4493
tr,2,0.3,53214138817,80.6354,50695767368,111.4613,53214138817,91.6202,50695767368,110.5892,53214138817,93.9631,50695767368,129.2597,53214138817,106.9381,50695767368,99.4959,48754760892,500.164
tr,2,0.4,54342845145,114.9653,52563178645,103.8437,54342845145,132.7994,52563178645,112.7314,54342845145,96.9345,52563178645,124.8097,54342845145,130.2596,52563178645,137.4676,50786312285,694.2862
tr,2,0.5,55470990818,129.5747,54318867037,103.0677,55470990818,114.0459,54318867037,140.3808,55470990818,116.3426,54318867037,186.8575,55470990818,158.9346,54318867037,203.7799,52724373730,907.3611
tr,2,0.6,56590591964,104.5701,55991071321,216.724,56590591964,128.9324,55991071321,205.3821,56590591964,131.2567,55991071321,198.5975,56590591964,171.341,55991071321,288.951,54662435175,3092.1232
tr,2,0.7,57545800097,126.2757,57456309813,234.5994,57545800097,155.3138,57456309813,286.2008,57545800097,171.3232,57456309813,269.0769,57545800096,194.1476,57456309813,339.3751,56188480980,3416.0326
tr,2,0.8,58497809268,126.3791,58497809268,210.5659,58497809268,159.4862,58497809268,472.4334,58497809268,268.1444,58497809268,441.4547,58497809268,387.5828,58497809268,368.2228,57185365727,5958.3084
tr,3,0.2,46314674311,86.5389,39951471537,74.7012,44680013923,87.5141,39951471537,67.3003,39951471537,92.4511,39951471537,107.2382,39951471537,118.8719,39951471537,162.2769,39461760010,1900.3894
tr,3,0.3,48089532397,75.3656,43162004496,148.2273,46731154604,92.8852,43162004496,162.6433,43162004496,162.0186,43162565151,204.5721,43162004497,178.3682,43162004497,285.2263,42266829110,1910.7097
tr,3,0.4,49803471675,101.4731,46158122101,200.3255,48756721744,123.0283,46158122101,201.4847,46158122101,323.4912,46158122101,400.4914,46158122101,311.3363,46158122101,497.8035,44861368438,2876.7658
tr,3,0.5,51491477485,100.8139,49041956166,422.9371,50779032246,234.5557,49041956166,402.9072,49102108896,390.554,49041956166,764.9996,49041956166,609.1207,49041956166,788.1128,47400043558,4670.1383
tr,3,0.6,53159948312,184.5705,51833761597,505.1002,52762001648,376.272,51833761597,587.6565,51833761597,1313.0584,51833761597,1415.7048,51833761597,1170.3221,51833761597,1772.2543,49849002775,10572.4152
tr,3,0.7,54828419139,206.162,54254208220,421.9078,54663860625,477.3825,54254208220,742.4787,53843831151,1159.5858,54254208220,1465.7485,53843831151,1070.8906,53843831151,1646.9574,52235808488,14403.0344
tr,3,0.8,56291786967,344.247,56400454945,1005.0728,56291786967,708.5469,56291786967,1789.8798,55842376769,1608.4546,55842376769,1927.814,55842376769,1476.1297,55842376769,2660.2716,54389399833,14404.1583
tr,4,0.2,34127652640,87.4409,34127652640,134.6421,34119084459,156.1621,34119084459,200.3356,34127652640,120.6507,34127652640,163.269,34119084459,216.2337,34119084459,199.0528,33989285909,1592.5529
tr,4,0.3,37954485675,299.4765,37954485675,255.5811,37926417465,460.7144,37926417465,561.2044,37954485675,234.8748,37954485675,439.6751,37926417465,455.0308,38145152241,424.8085,37511720409,7369.8782
tr,4,0.4,41531557002,351.5208,41531557002,431.4645,41513363936,602.6681,41513363936,901.0706,41312586867,354.7505,41531557002,662.6512,41270003703,683.1989,41513363936,1225.0404,40705765424,9575.858
tr,4,0.5,44966160577,501.7543,44966160577,798.4418,44810057897,1425.2724,44810057897,2346.9608,44545269274,519.4498,44966160577,1140.9868,44513848391,1222.0348,44810057897,2955.1981,43767885612,14007.2264
tr,4,0.6,48062212595,874.297,48062212595,1270.464,47702146698,1326.3132,47702146698,2365.959,47758818327,2091.635,48062212595,2231.7144,47702146698,2743.5564,47702146698,2765.953,46498945418,14403.6958
tr,4,0.7,50725124876,1141.1689,50727960696,1467.9388,50534130424,1936.704,50534130424,2721.722,50971098172,767.4073,50725124876,2292.5982,50534130424,2483.7014,50534130424,4492.7828,49200011569,14404.1772
tr,4,0.8,53346181316,1474.999,53346181316,2901.0979,53346181316,4080.991,53250791227,3963.4165,53346181316,5473.9613,53346181316,2834.2952,53250791227,5821.3386,56865143234,1257.7727,51796420302,14402.8967
tr,5,0.2,30208597836,108.8452,29816778752,136.9229,30195407840,173.3057,29805597326,194.6006,29595426273,152.5954,29595426273,206.9037,29535637913,285.696,29584106529,330.9883,29535637913,1076.6742
tr,5,0.3,34032595168,142.4399,33626689001,225.8322,34004526958,373.7304,33598620791,400.4314,33467953657,287.1819,33467953657,502.0944,33363347416,485.4623,33439885447,528.14,33363347416,2891.856
tr,5,0.4,37721842695,255.4701,37368798486,384.4834,37687760385,607.8308,37368798486,560.311,37282520797,497.4936,37282520797,844.283,37152713978,1046.7005,37282520797,1293.8396,36972544240,7833.4559
tr,5,0.5,41311347017,598.2497,41016259914,825.902,41252589265,1004.53,40984839031,1078.9594,40993660266,1020.7206,40993660266,1303.079,40825804531,1745.9876,40962239384,2674.114,40473110262,12237.503
tr,5,0.6,44729415933,888.007,44586739960,1214.7064,44676061619,2272.3025,44536725070,1742.488,44586739960,3778.8614,44586739960,2280.3406,44350982577,5352.4645,44536725070,3396.0517,43528062905,14403.7406
tr,5,0.7,48107523975,1847.5405,48169687053,349.7123,48033004873,3087.2033,47987298474,14403.5574,48061817576,4726.4981,47937757072,452.0214,47842684190,5986.5969,47753134689,3244.6205,46391737192,14401.7658
tr,5,0.8,51430944268,14405.9976,51430944268,12704.1245,51344308164,14402.4645,51343466504,14401.6481,51438113879,14400.9456,50909952357,14400.4145,51344308164,14400.4145,50833336037,14400.5127,49112719062,14400.5329
syn100,2,0.2,251474800.7,303.7043,251474800.7,133.1981,251474800.7,341.4058,251474800.7,133.3143,251474800.7,306.2063,251474800.7,134.847,251474800.7,315.2529,251474800.7,132.7243,251474800.7,735.0262
syn100,2,0.3,254425115.6,285.1115,254425115.6,134.2197,254425115.6,341.3026,254425115.6,139.8617,254425115.6,290.7092,254425115.6,137.0237,254425115.6,369.4716,254425115.6,137.4683,254425115.6,824.3656
syn100,2,0.4,257253999.6,497.2651,257253999.6,166.0597,257253999.6,505.022,257253999.6,161.3822,257253999.6,490.7746,257253999.6,172.4635,257253999.6,479.7895,257253999.6,175.5697,257253999.6,1329.2319
syn100,2,0.5,260065221.3,599.4533,260065221.3,213.0546,260065221.3,657.4658,260065221.3,225.2616,260065221.3,537.2468,260065221.3,250.8076,260065221.3,698.5638,260065221.3,251.5164,260065221.3,1660.1727
syn100,2,0.6,262876443.1,640.9928,262876443.1,248.0355,262876443.1,977.7823,262876443.1,245.8221,262876443.1,598.9122,262876443.1,253.4629,262876443.1,941.8021,262876443.1,257.1679,262876443.1,1934.9904
syn100,2,0.7,265687664.8,583.2156,265687664.8,268.8157,265687664.8,1025.1432,265687664.8,291.5143,265687664.8,534.3823,265687664.8,280.3212,265687664.8,953.9532,265687664.8,280.284,265687664.8,6465.5279
syn100,2,0.8,268498886.6,830.6447,268498886.6,287.1085,268498886.6,1359.4087,268498886.6,287.2206,268498886.6,820.3904,268498886.6,263.1042,268498886.6,1402.3749,268498886.6,279.1915,268498886.6,6609.2123
syn100,3,0.2,230195827.8,374.0576,176825401.9,255.6828,230195827.8,337.1864,176825401.9,294.2919,230195827.8,335.5724,176825401.9,256.861,230195827.8,335.5675,176825401.9,317.1136,171574048.2,688.0597
syn100,3,0.3,234071987.4,472.405,179736753.9,277.4474,234071987.4,417.5467,179731260.7,329.7083,234071987.4,435.406,179731260.7,297.269,234071987.4,449.8714,179731260.7,359.1763,174682268.7,835.6643
syn100,3,0.4,237817444.5,640.1518,182576676.1,311.1139,237817444.5,597.1594,182576676.1,383.8633,237817444.5,603.3483,182576676.1,321.3277,237817444.5,604.1435,182576676.1,385.9499,177745570,1053.1699
syn100,3,0.5,241450913.4,768.0043,185414694.5,271.7428,241450913.4,742.6054,185414694.5,315.9744,241450913.4,752.4803,185414694.5,263.8305,241450913.4,721.4156,185414694.5,317.2771,180803235.3,619.2847
syn100,3,0.6,244937523.1,1136.5068,188252713,302.6398,244937523.1,1084.7611,188252713,412.003,244937523.1,1136.7605,188252713,349.1706,244937523.1,1133.1357,188252713,504.2172,183849074.6,1142.7709
syn100,3,0.7,248406978.2,1223.5579,191090731.5,384.2966,248406978.2,1221.2266,191090731.5,421.4126,248406978.2,1305.9113,191090731.5,383.4172,248406978.2,1271.3272,191090731.5,505.5518,186885993.8,1515.2098
syn100,3,0.8,251876433.3,1513.5449,193928749.9,427.8702,251876433.3,1480.4818,193928749.9,489.511,251876433.3,1603.7804,193928749.9,395.6495,251876433.3,1499.7832,193928749.9,522.7858,189903361.5,1584.8528
syn100,4,0.2,155471226.6,466.8716,150497623.5,334.8517,155471226.6,468.5078,150497623.5,368.8818,155471226.6,376.2173,150497623.5,423.5717,155471226.6,395.6883,150497623.5,660.7942,148648436.7,2276.3453
syn100,4,0.3,159162857.6,605.8793,154475806.2,713.4442,159162857.6,593.248,154475806.2,893.8471,159162857.6,468.619,154475806.2,1466.1894,159162857.6,457.3989,154475806.2,1646.5593,152387705.3,4276.0035
syn100,4,0.4,162699408.9,525.2396,158225338.6,685.7482,162699408.9,504.0786,158225338.6,1091.8916,162699408.9,605.4667,158066111,1041.8645,162699408.9,591.016,158066111,1207.8789,155914175.1,8135.7931
syn100,4,0.5,166138464,484.3035,161957501.8,868.3223,166138464,500.8648,161957501.8,1084.7677,166138464,541.8444,161642731.6,1389.3719,166138464,569.9198,161642731.6,1789.1675,159436716.1,9901.4074
syn100,4,0.6,169577519.2,510.9523,165676748,1383.4017,169577519.2,513.3081,165676748,1526.8798,169577519.2,882.7711,165219352.3,1872.1859,169577519.2,792.4828,165219352.3,1969.454,162959257.2,14401.6782
syn100,4,0.7,173016574.4,535.5346,169395994.2,1048.9793,173016574.4,534.6344,169395994.2,1782.1713,172667838.8,654.8201,168795972.9,2202.464,172667838.8,652.2595,168795972.9,2657.5412,166481798.2,14401.6529
syn100,4,0.8,176455629.5,582.4928,173060570.9,1868.2153,176455629.5,631.5701,173060570.9,3166.8182,175742926.1,1009.8558,172301829,3636.8745,175742926.1,987.2299,172301829,5555.8659,169942281,14401.4988
syn100,5,0.2,135617750.7,380.2579,129194182,467.1668,135617750.7,387.8917,129194182,664.3922,129194182,500.3994,129194182,557.7606,129194182,507.7191,129194182,839.5212,127342852.3,1596.4412
syn100,5,0.3,139681326.6,449.2719,133933116.4,1200.8667,139681326.6,440.8516,133933116.4,1568.4361,133933116.4,1158.2049,133933116.4,1025.5902,133933116.4,1187.0551,133933116.4,1392.0531,131842794.9,3078.8826
syn100,5,0.4,143516358.7,853.2909,138213157.5,1067.2058,143516358.7,843.2608,138213157.5,1105.2073,138377738.9,1526.542,138213157.5,1317.129,138377738.9,1455.2059,138213157.5,1458.9842,136064109.1,8207.0726
syn100,5,0.5,147191001.7,783.2611,142396893.2,1349.0825,147191001.7,786.8009,142396893.2,1393.11,142719318.7,1669.6267,142396893.2,1459.4438,142719318.7,1649.6799,142396893.2,1876.8424,140194487.1,12234.8244
syn100,5,0.6,150865644.6,781.0193,146580628.9,1747.3089,150865644.6,735.3704,146580628.9,2263.9911,147047211,2123.7576,146580628.9,2362.3929,147047211,2145.1391,146580628.9,2661.5347,144324865.2,14401.7125
syn100,5,0.7,154540287.6,589.9983,150764364.7,1925.4919,154540287.6,615.6734,150764364.7,3197.0707,151375103.3,2551.1286,150764364.7,3110.4106,151375103.3,2380.1659,150764364.7,3979.6869,148455243.2,14401.6689
syn100,5,0.8,158214930.5,983.6565,154890886.8,2844.1553,158214930.5,965.8607,154890886.8,3796.0354,155661877.2,5048.1741,154890886.8,3743.9533,155661877.2,5193.7742,154890886.8,4845.2846,152578358.5,14401.0964
syn100,10,0.2,71215017.56,226.3973,71215017.56,258.6713,71040531.77,237.5852,71040531.77,319.6751,71215003.42,264.288,71040247.19,387.9775,71040247.19,245.2848,71040247.19,436.4132,71040247.19,453.3752
syn100,10,0.3,76825948.31,322.7483,76825948.31,572.1177,76698437.15,363.9527,76698437.15,755.2497,76825948.31,377.5732,76698437.15,590.0462,76698437.15,436.0585,76698437.15,657.4364,76698437.15,734.7496
syn100,10,0.4,82340779.25,566.8957,82340779.25,1533.7369,82258996.75,750.4341,82258996.75,2588.6202,82340779.25,684.8924,82340779.25,961.6339,82258996.75,975.459,82258996.75,1174.7424,82258996.75,1921.252
syn100,10,0.5,87721748.82,686.794,87721748.82,1258.0465,87678152.33,1124.8088,87678152.33,1520.4999,87721748.82,1141.0664,87678152.33,1162.0296,87678152.33,1568.1894,87678152.33,1507.5698,87678152.33,3655.6524
syn100,10,0.6,98491440,1105.2231,93092485.61,1370.1281,98491440,1861.8499,93075832.82,1602.8214,94236382.74,2459.0647,93092485.61,1605.1452,94236382.74,3493.4602,93075832.82,1892.7037,93075832.82,8015.2155
syn100,10,0.7,99186029.61,1787.76,98426336.65,1242.9811,99186029.61,3182.802,98426336.65,1791.5302,99186029.61,4911.7746,98426336.65,2206.8655,99186029.61,7326.3953,98426336.65,2333.0152,98451016.88,14401.6715
syn100,10,0.8,107846918,2753.8242,103660060.2,1335.2369,107846918,3890.1162,103660060.2,1799.5458,104133583.9,5637.6152,103601814.7,2869.9698,104133583.9,8229.8437,103601814.7,3349.5581,103661240,14401.5031
ap,2,0.2,711363.3381,25535.8473,711363.3381,8966.1436,711362.4746,18858.9888,711362.4746,14006.922,711366.3201,10767.4029,711366.3201,14824.133,711378.3092,13437.8674,711378.3092,15258.2954,3164111.935,25391.9801
ap,2,0.3,738269.3282,25628.5998,738269.3282,9633.238,738269.3282,24365.0701,738269.3282,11308.1362,738271.3782,12493.9924,738271.3782,17452.3688,738269.3282,21392.9836,738269.3282,17467.1986,3166379.458,25496.3687
ap,2,0.4,764380.0768,25503.6244,764380.0768,11865.8892,764357.8103,25922.7067,764357.8103,14965.0911,764342.0092,17072.7984,764342.0092,19056.8948,764354.8086,25775.6992,764354.8086,20164.0835,3168646.98,25539.4241
ap,2,0.5,789303.0495,25514.7887,789303.0495,15061.366,789356.433,25559.0319,789356.433,16965.8705,789258.5331,21014.5102,789258.5331,25491.7626,789268.8686,25554.0484,789268.8686,25507.3578,3170914.503,25432.3254
ap,2,0.6,815062.3268,25510.2035,870824.3882,14317.4527,813611.7696,25616.9865,870875.1204,14074.3308,813596.6761,18414.7781,813596.6761,25516.0879,813608.8991,25700.4048,813596.6761,25702.2514,3173182.026,25489.2935
ap,2,0.7,837920.6532,25551.7992,893394.7243,16660.2444,837969.1807,25891.6116,893438.35,23179.9202,837842.851,25538.4266,837842.851,25627.2272,837865.5844,25722.8055,837842.851,25543.9826,3175449.548,25313.4605
ap,2,0.8,864966.3303,25539.7219,861992.5735,25533.438,862671.501,25583.2728,861992.5735,25517.9423,861992.5735,25544.7635,861992.5735,25457.5716,862671.501,25458.2651,861992.5735,25497.8786,3177717.071,25337.6422
ap,3,0.2,666314.5308,25556.5494,676227.23,19356.8206,660366.1472,25572.5755,676207.0352,14682.1904,659416.9505,10425.3052,646094.435,13321.772,659416.9505,10875.3628,646094.435,14100.9773,3141562.921,25412.9772
ap,3,0.3,694776.6941,11085.3521,710749.9573,9307.6964,688610.7761,25579.856,685270.5556,10755.9292,676382.9779,10143.0057,685270.5556,9285.4809,676375.58,13173.2366,685257.2337,9950.693,3149668.164,25313.9321
ap,3,0.4,722472.4919,13030.8339,744870.9751,11124.8212,716192.898,25550.4632,709421.7712,14337.2212,706309.004,13168.3828,709421.7712,9310.1152,706304.4341,22289.7157,709416.1775,9534.2413,3157773.407,25326.4617
ap,3,0.5,749447.9671,15638.7703,778937.1925,16406.7849,743137.3664,25512.3657,733599.8138,25430.8846,735358.2949,25535.4878,733599.8138,9793.1229,735372.4526,25560.5519,733572.9868,11038.7936,3165878.651,25386.6952
ap,3,0.6,776325.6177,25529.5894,776325.6177,25491.7651,769749.4718,25571.0164,757469.0462,25545.6308,763715.6025,25486.0389,757469.0462,12174.7033,764180.6756,25503.5116,757469.0462,20672.1871,3173983.894,25390.9476
ap,3,0.7,802424.2352,25577.5475,794265.4047,25492.1341,795904.6565,25525.4724,781177.7052,25496.2882,792088.287,25556.4891,781177.7052,13250.3499,794265.4047,25619.2678,781177.7052,25538.1499,3182089.138,25380.3148
ap,3,0.8,3305366.435,25443.8795,868233.384,25521.1514,823901.2243,25480.2313,804890.8323,25501.5088,820339.1992,25445.8004,804890.8323,25523.6219,820439.4282,25382.9381,804886.3643,25529.0464,3190194.381,25410.8312
ap,4,0.2,603637.5251,25546.7493,624076.4124,11936.7532,603632.2528,15483.4996,571598.9226,12891.153,591158.6325,16556.0605,571598.9226,10313.4783,591165.1305,25544.449,571598.9226,10663.9277,3155914.717,25310.4534
ap,4,0.3,667313.837,23384.788,634322.2885,13669.977,634318.435,13854.7812,608811.3754,14836.5143,630431.1885,25469.6825,608811.3754,10440.4558,630412.6325,25513.4773,608810.0141,9293.0674,3176505.388,25247.3902
ap,4,0.4,664793.0747,24647.5615,709565.411,25443.7167,664775.3189,15092.3813,664848.6991,25457.2996,664848.6991,25489.4296,645787.5073,11491.7103,664922.387,25491.466,645787.5073,11437.5561,3197096.059,25294.469
ap,4,0.5,695133.1137,24989.8446,695133.1137,25559.56,695131.7268,22742.9532,682621.6179,25549.7143,695169.3557,25526.9301,682621.6179,25633.7825,695170.6696,25688.9265,682506.0672,25555.9709,3217686.73,25296.5055
ap,4,0.6,725706.8059,25558.0951,788804.2911,25551.2815,725505.0976,25862.7875,788436.8542,25513.1498,725537.1762,25499.8243,717947.7476,25535.0625,725692.6938,25635.4755,719273.2148,25509.5976,3238277.401,25355.5956
ap,4,0.7,755914.8444,25593.4033,756079.3404,25498.9049,755839.5256,25899.0632,754415.1083,25468.1609,756079.3404,25445.3065,755378.0897,25690.1718,755839.5256,25626.5069,754415.1083,25477.7222,3258868.072,25331.0992
ap,4,0.8,786332.5501,25583.4599,786640.9342,25481.6654,786346.0157,25534.4441,786640.9342,25403.8855,786279.4685,25406.1559,784814.9487,25485.124,788602.0172,25389.5986,786640.9342,25417.846,3279458.743,25394.6796
ap,5,0.2,557545.7725,11999.8617,546031.6668,10171.1882,555535.9433,25457.4939,546031.6668,10029.3316,551453.7477,25564.894,531112.3259,9269.671,551359.5436,25545.8041,531112.3259,9449.3713,3149272.214,25373.3847
ap,5,0.3,600185.62,25525.8398,584559.6173,21358.1758,594779.4908,25852.1576,584559.6173,17771.6006,593173.0964,25474.9333,570606.8389,19087.9903,589576.9913,25633.2249,570606.8389,21859.4175,3165601.089,25292.2851
ap,5,0.4,636884.3117,25463.5176,622761.2799,16624.1942,630667.6595,25589.4467,622761.2799,17106.9285,629942.5522,25513.0392,609861.6934,19542.0038,624377.6892,25503.3525,609861.6934,20952.0357,3181929.963,25320.5358
ap,5,0.5,672199.6466,25642.9103,660097.5777,25533.5186,667895.4547,25838.5675,660030.3359,25520.8018,664975.7279,25477.269,648343.6381,25694.9256,664840.454,25675.7972,648343.6381,25393.069,3198258.837,25285.6707
ap,5,0.6,712984.9527,25500.6676,695005.0127,25531.2984,704925.8103,25813.052,694818.0032,25473.6837,698707.5165,25420.958,686290.7216,25461.1918,703715.9565,25698.3887,698970.0903,25482.9578,3214587.712,25316.2956
ap,5,0.7,741187.3613,25502.7274,729952.9654,25545.4613,754112.0162,25841.8911,729520.0435,25397.7953,731889.7853,25466.1722,723065.8789,25534.3942,738409.8935,25455.2418,722421.744,25389.8314,3230916.586,25378.0535
ap,5,0.8,777148.4348,25568.7144,764281.0775,25548.6798,785294.1956,25879.8041,764115.8332,25491.0092,765778.6308,25504.4584,765519.1157,25669.2154,769460.5375,25688.5685,767450.4058,25440.7419,3247245.461,25295.5382
ap,10,0.2,422076.7435,25487.3235,456352.7573,25688.2343,419622.1171,25536.0035,404692.189,25681.1264,404692.189,16091.2485,418015.6677,25642.9057,405077.691,25674.1122,404692.189,25662.9942,525604.8063,25434.7964
ap,10,0.3,473500.3965,25563.9875,462152.3737,25514.8272,470151.7432,25514.5857,462340.8427,25394.0422,455094.5138,25496.4477,455094.5138,25531.0339,455200.1786,25453.7163,455094.5138,25424.9314,499442.2411,25379.315
ap,10,0.4,523426.204,25549.3099,543982.0782,25448.1682,519414.0952,25427.3393,519414.0952,25443.5178,504306.4646,25413.989,505907.4756,25488.648,504391.4401,25456.8502,506384.2232,25550.2627,3185893.533,25317.6407
ap,10,0.5,572678.0744,25487.1261,551384.173,25510.9116,567473.1292,25548.2585,551384.173,25428.0935,553051.2116,25483.5099,551384.173,25535.0436,568374.5908,25458.2336,551095.6072,25463.8745,3223470.666,25343.7486
ap,10,0.6,619267.4403,25406.8496,627725.6942,25376.3559,651315.0926,25640.0372,591063.7211,25444.6894,601252.333,25540.7957,589316.5593,25437.6011,640818.8665,25523.967,591063.7211,25475.3632,3261047.8,25380.6612
ap,10,0.7,678421.2442,25516.4869,667685.5665,25383.6088,697428.9408,25480.9048,665432.5544,25432.045,647956.558,25445.0334,628561.4038,25482.6287,662569.3501,25493.7693,665432.5544,25512.138,3298624.933,25304.1891
ap,10,0.8,714349.4815,25440.08,709156.871,25415.0401,747898.5969,25533.8046,707235.987,25441.4193,703651.7627,25513.0466,667844.1824,25484.0875,731374.7452,25440.4655,667696.5689,25537.9337,3336202.067,25421.6794
